Workbook

Sheet ANAGRAFICA
A1: VERIFICATO | B1: SDO | C1: COGNOME | D1: NOME | E1: ECMO LENS | F1: NUMERO ELSO | G1: ANNO | H1: DN | I1: SEX | J1: DIAGNOSI | K1: POSTCARDIOTOMICO | L1: PESO | M1: ALTEZZA | N1: DATA INGRESSO H | O1: ORA INGRESSO H | P1: DATA INGRESSO ICU | Q1: ORA INGRESSO ICU | S1: NOTE | T1: N RUN | U1: TEL | V1: MAIL | W1: NOTE | X1: CHI HA INSERITO | Z1: CALCOLO ETA | AA1: ANNI
B2: 2123023299 | C2: BEATRICE | D2: GERARDINA | F2: 3272024098 | G2: 2024 | H2: 19354 | I2: F | J2: ECPR IHCA | K2: FALSE | N2: 45291 | O2: 12:00 | P2: 45292 | Q2: 10:40 | T2: 1 | U2: 3460919383 | W2: TEL FRATELLO | X2: DAVIDE | Z2: =DAYS360(H2,N2) -> 25565 | AA2: =Z2/360 -> 71.013889
B3: 2124018611 | C3: CURTO | D3: ROBERTO | G3: 2024 | H3: 23153 | I3: M | J3: FAILURE TO WEAN CPB | K3: TRUE | N3: 45292 | Z3: =DAYS360(H3,N3) -> 21819 | AA3: =Z3/360 -> 60.608333
B4: 2124000149 | C4: MOTTA | D4: FABIO | F4: 3272024051 | G4: 2024 | H4: 22447 | I4: M | J4: FAILURE TO WEAN CPB | K4: TRUE | N4: 45295 | O4: 05:50 | P4: 45295 | Q4: 19:00 | T4: 1 | U4: 3339717409 | W4: FIGLIO MOTTA CLAUDIO | X4: DAVIDE | Z4: =DAYS360(H4,N4) -> 22519 | AA4: =Z4/360 -> 62.552778
B5: 2124000241 | C5: ISELLA | D5: VINCENZO | F5: 3272024052 | G5: 2024 | H5: 21703 | I5: M | J5: ECPR OHCA | K5: FALSE | N5: 45296 | O5: 11:29 | P5: 45296 | Q5: 15:00 | T5: 1 | U5: 3396444336 | W5: sorella | X5: DAVIDE | Z5: =DAYS360(H5,N5) -> 23253 | AA5: =Z5/360 -> 64.591667
B6: 2124000328 | C6: LAVANGA | D6: DONATO | F6: 3272024053 | G6: 2024 | H6: 21957 | I6: M | J6: ECPR OHCA | K6: FALSE | N6: 45298 | O6: 15:25 | P6: 45298 | Q6: 20:00 | T6: 1 | U6: 3294713274 | W6: MOGLIE FRANCA | X6: DAVIDE | Z6: =DAYS360(H6,N6) -> 23006 | AA6: =Z6/360 -> 63.905556
B7: 2124001121 | C7: TIEGHI | D7: MASSIMO | F7: 3272024054 | G7: 2024 | H7: 25745 | I7: M | J7: ECPR IHCA | K7: FALSE | N7: 45309 | O7: 08:42 | P7: 45309 | Q7: 12:00 | T7: 1 | U7: 3479903123 | W7: BARABRA SORELLA | X7: DAVIDE | Z7: =DAYS360(H7,N7) -> 19282 | AA7: =Z7/360 -> 53.561111
B8: 2124002215 | C8: SCHIFANO | D8: FRANCESCO | F8: 3272024055 | G8: 2024 | H8: 22509 | I8: M | J8: ECPR IHCA | K8: FALSE | N8: 45325 | O8: 11:14 | P8: 45325 | Q8: 13:00 | T8: 1 | U8: 3419548554 | W8: moglie | X8: DAVIDE | Z8: =DAYS360(H8,N8) -> 22487 | AA8: =Z8/360 -> 62.463889
B9: 2124202869 | C9: VALSECCHI | D9: ANDREA | F9: 3272024056 | G9: 2024 | H9: 27193 | I9: M | J9: SHOCK CARDIOGENO | K9: TRUE | N9: 45326 | P9: 45327 | Q9: 00:00 | T9: 1 | U9: 3488577020 | W9: fratello | X9: DAVIDE | Z9: =DAYS360(H9,N9) -> 17871 | AA9: =Z9/360 -> 49.641667
B10: 2124003531 | C10: RASPANTI | D10: ANDREA | F10: 3272024057 | G10: 2024 | H10: 29018 | I10: M | J10: SHOCK CARDIOGENO | K10: FALSE | N10: 45343 | O10: 9:50 | P10: 45343 | Q10: 14:00 | T10: 1 | U10: 3497118072 | W10: moglie | X10: DAVIDE | Z10: =DAYS360(H10,N10) -> 16089 | AA10: =Z10/360 -> 44.691667
B11: 2124203781 | C11: CONCA | D11: CAMILLA | F11: 3272024058 | G11: 2024 | H11: 17165 | I11: F | J11: SHOCK CARDIOGENO | K11: TRUE | N11: 45348 | O11: 14:00 | P11: 45348 | Q11: 21:00 | T11: 1 | U11: 3921791959 | W11: FIGLIA | X11: DAVIDE | Z11: =DAYS360(H11,N11) -> 27777 | AA11: =Z11/360 -> 77.158333
B12: 2124003924 | C12: MUHAMMAD | D12: SHARIF | F12: 3272024059 | G12: 2024 | H12: 23633 | I12: M | J12: ECPR OHCA | K12: FALSE | N12: 45349 | O12: 11:25 | P12: 45715 | Q12: 14:00 | T12: 1 | U12: 3274783522 | W12: Moazam | X12: Marta | Z12: =DAYS360(H12,N12) -> 21404 | AA12: =Z12/360 -> 59.455556
B13: 2124004761 | C13: TRAMPOLIN | D13: FABIO | F13: 3272024060 | G13: 2024 | H13: 22735 | I13: M | J13: ECPR OHCA | K13: FALSE | N13: 45361 | O13: 10:13 | P13: 45361 | T13: 1 | U13: 3357216616 | W13: moglie | X13: Marta | Z13: =DAYS360(H13,N13) -> 22300 | AA13: =Z13/360 -> 61.944444
B14: 2124005780 | C14: SAINCIUC | D14: AUREL | F14: 3272024061 | G14: 2024 | H14: 26884 | I14: M | J14: ECPR OHCA | K14: FALSE | N14: 45376 | O14: 03:27 | P14: 45376 | Q14: 06:25 | T14: 1 | X14: nick | Z14: =DAYS360(H14,N14) -> 18227 | AA14: =Z14/360 -> 50.630556
B15: 2124006081 | C15: DOSSI | D15: MAURIZIO ANTONIO | F15: 3272024062 | G15: 2024 | H15: 19741 | I15: M | J15: FAILURE TO WEAN CPB | K15: TRUE | N15: 45379 | O15: 10:00 | P15: 45386 | Q15: 19:30 | T15: 1 | U15: 3384272584 | W15: amico (Davide) | X15: Marta | Z15: =DAYS360(H15,N15) -> 25271 | AA15: =Z15/360 -> 70.197222
B16: 2124007138 | C16: TARTARELLI | D16: GIUSEPPE | F16: 3272024063 | G16: 2024 | H16: 22006 | I16: M | J16: ECPR OHCA | K16: FALSE | N16: 45395 | O16: 11:07 | P16: 45395 | Q16: 13:59 | T16: 1 | X16: nick | Z16: =DAYS360(H16,N16) -> 23053 | AA16: =Z16/360 -> 64.036111
B17: 2124206072 | C17: CONSONNI | D17: GIULIO | F17: 3272024064 | G17: 2024 | H17: 19534 | I17: M | J17: FAILURE TO WEAN CPB | K17: TRUE | N17: 45408 | P17: 45408 | Q17: 19:20 | T17: 2 | X17: nick | Z17: =DAYS360(H17,N17) -> 25502 | AA17: =Z17/360 -> 70.838889
B18: 2124008291 | C18: FUMAGALLI | D18: PIERO | F18: 3272024065 | G18: 2024 | H18: 18074 | I18: M | J18: SHOCK CARDIOGENO | K18: FALSE | N18: 45414 | P18: 45414 | Q18: 10:05 | T18: 1 | X18: ale | Z18: =DAYS360(H18,N18) -> 26947 | AA18: =Z18/360 -> 74.852778
B19: 2124008603 | C19: MARIANI | D19: MARCO | F19: 3272024066 | G19: 2024 | H19: 22576 | J19: INSUFFICIENZA RESPIRATORIA | K19: TRUE | N19: 45419 | O19: 09:00 | P19: 45419 | Q19: 20:49 | U19: 3396748793 | W19: cell moglie | X19: Marta | Z19: =DAYS360(H19,N19) -> 22515 | AA19: =Z19/360 -> 62.541667
B20: 2124009735 | C20: BOSSI | D20: LUDOVICO | E20: 758-1 | F20: 3272024067 | G20: 2024 | H20: 25826 | I20: M | J20: ECPR OHCA | K20: FALSE | N20: 45434 | O20: 23:24 | P20: 45435 | Q20: 02:40 | T20: 1 | X20: nick | Z20: =DAYS360(H20,N20) -> 19327 | AA20: =Z20/360 -> 53.686111
B21: 2124010700 | C21: ORNAGHI | D21: LORENZO | E21: 758-2 | F21: 3272024068 | G21: 2024 | H21: 31213 | I21: M | J21: ECPR OHCA | K21: FALSE | N21: 45448 | O21: 14:36 | P21: 45448 | Q21: 15:50 | T21: 1 | X21: nick | Z21: =DAYS360(H21,N21) -> 14030 | AA21: =Z21/360 -> 38.972222
B22: 2124011236 | C22: BERETTA | D22: ENZO LUCIANO | E22: 758-3 | F22: 3272024069 | G22: 2024 | H22: 20857 | J22: ECPR IHCA | K22: FALSE | N22: 45456 | P22: 45461 | Q22: 22:37 | T22: 1 | U22: 3464994662 | W22: cell moglie | X22: Marta | Z22: =DAYS360(H22,N22) -> 24247 | AA22: =Z22/360 -> 67.352778
B23: 2124011588 | C23: FRATINO | D23: OLIVIERO | E23: 758-4 | F23: 3272024070 | G23: 2024 | H23: 20421 | J23: FAILURE TO WEAN CPB | K23: TRUE | N23: 45462 | O23: 10:00 | P23: 45462 | Q23: 22:39 | T23: 1 | U23: 3472265187 | W23: cell moglie | X23: Marta | Z23: =DAYS360(H23,N23) -> 24681 | AA23: =Z23/360 -> 68.558333
B24: 2124208629 | C24: D'ANDREA | D24: FERNANDO ANTONIO | E24: 758-5 | F24: 3272024071 | G24: 2024 | H24: 20748 | J24: ECPR OHCA | K24: FALSE | N24: 45470 | P24: 45470 | Q24: 20:30 | X24: ale | Z24: =DAYS360(H24,N24) -> 24367 | AA24: =Z24/360 -> 67.686111
B25: 2124208975 | C25: FERRARO | D25: DANIELE | G25: 2024 | H25: 22922 | I25: M | J25: SHOCK CARDIOGENO | K25: TRUE | N25: 45481 | O25: 10:00 | P25: 45481 | Q25: 21:30 | T25: 2 | Z25: =DAYS360(H25,N25) -> 22235 | AA25: =Z25/360 -> 61.763889
B26: 2124012915 | C26: GARGIONI | D26: GIULIO | E26: 758-6 | F26: 3272024072 | G26: 2024 | H26: 26651 | J26: ECPR OHCA | K26: FALSE | N26: 45485 | P26: 26492 | X26: ale | Z26: =DAYS360(H26,N26) -> 18564 | AA26: =Z26/360 -> 51.566667
B27: 2124012963 | C27: TARENZI | D27: GIACOMO | E27: 758-7 | F27: 3272024073 | G27: 2024 | H27: 24708 | I27: M | J27: ECPR IHCA | K27: FALSE | N27: 45487 | O27: 8:54 | P27: 45487 | Q27: 12:00:00 | T27: 1 | U27: 3391624889 | W27: cel moglie | X27: Marta | Z27: =DAYS360(H27,N27) -> 20480 | AA27: =Z27/360 -> 56.888889
B28: 2124013801 | C28: SGOBBA | D28: ANNA | E28: 758-8 | F28: 3272024074 | G28: 2024 | H28: 18724 | I28: F | J28: FAILURE TO WEAN CPB | K28: TRUE | N28: 45502 | P28: 45511 | T28: 1 | X28: ale | Z28: =DAYS360(H28,N28) -> 26393 | AA28: =Z28/360 -> 73.313889
B29: 2124014334 | C29: PONTIGGIA | D29: FLAVIO | E29: 758-9 | F29: 3272024075 | G29: 2024 | H29: 20088 | I29: M | J29: ECPR OHCA | K29: FALSE | N29: 45512 | P29: 45512 | Q29: 13:45 | T29: 1 | X29: Marta | Z29: =DAYS360(H29,N29) -> 25058 | AA29: =Z29/360 -> 69.605556
B30: 2124014461 | C30: FUMAGALLI | D30: LUCA | E30: 758-10 | F30: 3272024076 | G30: 2024 | H30: 27062 | I30: M | J30: SHOCK CARDIOGENO | K30: TRUE | N30: 45515 | P30: 45515 | Q30: 19:00 | T30: 1 | U30: 3299603838 | W30: cell moglie | X30: Marta | Z30: =DAYS360(H30,N30) -> 18189 | AA30: =Z30/360 -> 50.525
B31: 2124015827 | C31: SCHIAVON | D31: ELIO PAOLO | E31: 758-11 | F31: 3272024077 | G31: 2024 | H31: 19537 | I31: M | J31: ECPR IHCA | K31: FALSE | N31: 45543 | O31: 12:00 | P31: 45543 | Q31: 17:23 | T31: 1 | X31: nick | Z31: =DAYS360(H31,N31) -> 25631 | AA31: =Z31/360 -> 71.197222
B32: 2124016781 | C32: TURNO ARTHEMALLE | D32: ALICE | E32: 758-12 | F32: 3272024078 | G32: 2024 | H32: 38392 | I32: F | J32: ECPR IHCA | K32: FALSE | N32: 45557 | P32: 45557 | Q32: 20:00 | T32: 1 | U32: 3899626473 | W32: cell padre | X32: Marta | Z32: =DAYS360(H32,N32) -> 7063 | AA32: =Z32/360 -> 19.619444
B33: 2124211722 | C33: CORIO | D33: GIOVANNI | E33: 758-13 | F33: 3272024079 | G33: 2024 | H33: 19355 | I33: M | J33: SHOCK CARDIOGENO | K33: FALSE | N33: 45570 | P33: 45570 | Q33: 13:30 | T33: 1 | U33: 3397102222 | W33: consenso | X33: Marta | Y33: finire outcome | Z33: =DAYS360(H33,N33) -> 25838 | AA33: =Z33/360 -> 71.772222
B34: 2124017757 | C34: SALA | D34: FELICE | E34: 758-14 | F34: 3272024080 | G34: 2024 | H34: 15908 | I34: M | J34: SHOCK CARDIOGENO | K34: FALSE | N34: 45572 | P34: 45572 | Q34: 17:45 | T34: 1 | U34: 3387481549 | W34: tel figlio | X34: ale | Z34: =DAYS360(H34,N34) -> 29236 | AA34: =Z34/360 -> 81.211111
B35: 2124018637 | C35: CARIBONI | D35: LORENZA | E35: 758-15 | F35: 3272024081 | G35: 2024 | H35: 23512 | I35: F | J35: ECPR OHCA | K35: FALSE | N35: 45584 | P35: 45584 | Q35: 04:30 | T35: 1 | U35: 3352485509 | W35: telefono marito | X35: ale | Z35: =DAYS360(H35,N35) -> 21754 | AA35: =Z35/360 -> 60.427778
B36: 2124018690 | C36: AVENIDO | D36: DELFIN | E36: 758-16 | F36: 3272024082 | G36: 2024 | H36: 22639 | I36: M | J36: ECPR OHCA | K36: FALSE | N36: 45585 | P36: 45585 | Q36: 16:30 | T36: 1 | U36: 3203804205 | W36: telefono moglie | X36: ale | Z36: =DAYS360(H36,N36) -> 22616 | AA36: =Z36/360 -> 62.822222
B37: 2124019184 | C37: SERVIDIO | D37: GIOVANNI | E37: 758-17 | F37: 3272024083 | G37: 2024 | H37: 20145 | I37: M | J37: FAILURE TO WEAN CPB | K37: TRUE | N37: 45593 | P37: 45594 | Q37: 16:30 | T37: 1 | U37: 3334590946 | V37: tel moglie | W37: consenso | X37: ale (manca outcome) | Z37: =DAYS360(H37,N37) -> 25083 | AA37: =Z37/360 -> 69.675
B38: 2124019725 | C38: AMIWO | D38: REX STEVE | E38: 758-18 | F38: 3272024084 | G38: 2024 | H38: 34815 | I38: M | J38: SHOCK CARDIOGENO | K38: FALSE | N38: 45601 | P38: 45601 | Q38: 10:00 | T38: 1 | X38: nick | Z38: =DAYS360(H38,N38) -> 10629 | AA38: =Z38/360 -> 29.525
B39: 2124023603 | C39: MAZZARDIS | D39: DAVIDE | E39: 758-19 | F39: 3272024085 | G39: 2024 | H39: 26916 | I39: M | J39: ECPR OHCA | K39: FALSE | N39: 45622 | P39: 45622 | Q39: 14:30 | T39: 1 | X39: Ale (manca outcome e mobilizzazione max) | Z39: =DAYS360(H39,N39) -> 18437 | AA39: =Z39/360 -> 51.213889
B40: 2124024078 | C40: ROVARIS | D40: ANGELO FELICE | E40: 758-20 | F40: 3272024086 | G40: 2024 | H40: 21280 | I40: M | J40: SHOCK CARDIOGENO | K40: FALSE | N40: 45624 | P40: 45625 | Q40: 00:40 | T40: 1 | Z40: =DAYS360(H40,N40) -> 23993 | AA40: =Z40/360 -> 66.647222
B41: 2124025195 | C41: FAZIO | D41: FRANCESCO ANTONIO | E41: 758-21 | F41: 3272024087 | G41: 2024 | H41: 26190 | I41: M | J41: ECPR OHCA | K41: FALSE | N41: 45631 | P41: 45632 | Q41: 04:30 | T41: 1 | Z41: =DAYS360(H41,N41) -> 19161 | AA41: =Z41/360 -> 53.225
B42: 2124025878 | C42: PEDRONI | D42: PIERANGELO | E42: 758-22 | F42: 3272024088 | G42: 2024 | H42: 20161 | I42: M | J42: ECPR IHCA | K42: FALSE | L42: 80 | M42: 175 | N42: 45635 | O42: 06:00 | P42: 45636 | Q42: 21:00 | T42: 1 | U42: 3296485918 | W42: cell moglie | X42: Marta | Z42: =DAYS360(H42,N42) -> 25106 | AA42: =Z42/360 -> 69.738889
B43: 2125000348 | C43: SLAVKOVA | D43: EVELINA PLAMENOVA | F43: 3272025051 | G43: 2025 | H43: 30863 | I43: F | J43: SHOCK CARDIOGENO | K43: FALSE | L43: 70 | N43: 45662 | O43: 12:44 | P43: 45662 | Q43: 16:00 | T43: 1 | U43: 3296253446 | W43: cell marito | X43: Carolina | Z43: =DAYS360(H43,N43) -> 14585 | AA43: =Z43/360 -> 40.513889 | AC43: FG
B44: 2125004454 | C44: ANTIGNANO | D44: MAURO | E44: 758-23 | F44: 3272025052 | G44: 2025 | H44: 24178 | I44: M | J44: ECPR OHCA | K44: FALSE | L44: 90 | M44: 180 | N44: 45688 | P44: 45688 | Q44: 04:30 | T44: 1 | U44: 3492524051 | W44: moglie | X44: Francesca | Z44: =DAYS360(H44,N44) -> 21199 | AA44: =Z44/360 -> 58.886111 | AC44: FG
B45: 2125004867 | C45: MARCONI | D45: PIETRO VITTORIO | F45: 3272025053 | G45: 2025 | H45: 24064 | I45: M | J45: ECPR OHCA | K45: FALSE | L45: 120 | M45: 180 | N45: 45691 | O45: 11:41 | P45: 45691 | Q45: 13:45 | T45: 1 | U45: 3332139952 | W45: moglie | X45: Francesca | Z45: =DAYS360(H45,N45) -> 21315 | AA45: =AVERAGE(AA8:AA35) -> 61.164286 | AC45: FG
B46: 2025010247 | C46: TREMOLADA | D46: MARCO | E46: 758-25 | F46: 3272025054 | G46: 2025 | H46: 23491 | I46: M | J46: ECPR IHCA | K46: FALSE | L46: 110 | M46: 180 | N46: 45720 | O46: 13:59 | P46: 45720 | Q46: 18:10 | T46: 1 | U46: 3391567871 | W46: Moglie | X46: Laura | Z46: =DAYS360(H46,N46) -> 21910 | AA46: =AVERAGE(AA9:AA36) -> 61.177083 | AC46: FG
B47: 2125004867 | C47: MARCONI | D47: PIETRO V | E47: 758-24 | G47: 2025 | H47: 24064 | I47: M | J47: ECPR OHCA | K47: FALSE | L47: 120 | M47: 180 | N47: 45691 | O47: 11:30 | P47: 45691 | Q47: 13:10 | T47: 1 | AA47: =Z47/360 -> 0
B48: 2125020858 | C48: FALVO | D48: FRANCESCO | F48: 3272025055 | G48: 2025 | H48: 25192 | I48: M | J48: ECPR OHCA | K48: FALSE | L48: 90 | M48: 180 | N48: 45787 | O48: 03:28 | P48: 45787 | Q48: 05:15 | S48: POOLSE | T48: 1 | AA48: 56 | AC48: EM
B49: 2125023093 | C49: GHEZZI | D49: FABIO | E49: 758-28 | F49: 3272025056 | G49: 2025 | H49: 24100 | I49: M | J49: ECPR OHCA | K49: FALSE | L49: 85 | M49: 175 | N49: 45800 | O49: 08:04 | P49: 45800 | Q49: 12:00 | S49: POOLSE | T49: 1 | AC49: EM
B50: 2125024608 | C50: ZAPPIA | D50: LEONARDO | E50: 758-29 | F50: 3272025057 | G50: 2025 | H50: 23079 | I50: M | J50: SHOCK CARDIOGENO | K50: FALSE | L50: 80 | M50: 170 | N50: 45811 | P50: 45811 | Q50: 13:30 | T50: 1 | X50: Carolina | AA50: 60 | AC50: FG
A51: <24 | B51: 2125024565 | C51: POLICARPO | D51: FRANCESCO | E51: 758-30 | G51: 2025 | H51: 22057 | I51: M | J51: ANEURISMA AORTA ASCENDENTE | K51: FALSE | L51: 103 | M51: 175 | N51: 45811 | P51: 45811 | Q51: 02:40 | T51: 1 | X51: Laura | AC51: EM
B52: 2125025861 | C52: CASSANI | D52: DAVIDE VIRGILIO | E52: 758-31 | F52: 3272025058 | G52: 2025 | H52: 24945 | I52: M | J52: ECPR OHCA | K52: FALSE | L52: 120 | M52: 185 | N52: 45818 | O52: 15:28 | P52: 45818 | Q52: 17:30 | T52: 1 | W52: No parenti? | X52: Laura | AA52: 57
B53: 2125026559 | C53: VEDUTI | D53: LORENZO | E53: 758-32 | F53: 3272025059 | G53: 2025 | H53: 38002 | I53: M | J53: ECPR OHCA | K53: FALSE | L53: 90 | M53: 185 | N53: 45824 | O53: 01:01 | P53: 45824 | Q53: 3:00 | T53: 1 | U53: 339 2415715 | W53: madre | X53: Carolina | AA53: 21
B54: 2125026869 | C54: NACCARI | D54: ROBERTO | E54: 758-33 | F54: 3272025060 | G54: 2025 | H54: 24133 | I54: M | J54: SHOCK CARDIOGENO | K54: FALSE | L54: 110 | M54: 175 | N54: 45825 | O54: 14:51 | P54: 45825 | Q54: 16:20 | T54: 1 | X54: Elisa | AA54: 59
A55: <24 | B55: 2125027331 | C55: QUARIN | D55: FRANCO | E55: 758-34 | G55: 2025 | H55: 20830 | I55: M | J55: ECPR OHCA | K55: FALSE | L55: 120 | M55: 180 | N55: 45828 | O55: 01:59 | P55: 45828 | Q55: 03:40 | T55: 1 | X55: Simo | AA55: 68
B56: 2125026384 | C56: PRINCIPATO | D56: FRANCO ANGELO | E56: 758-35 | F56: 3272025061 | G56: 2025 | H56: 19665 | I56: M | J56: ECPR IHCA | K56: FALSE | L56: 85 | M56: 175 | N56: 45821 | O56: 16:00 | P56: 45833 | Q56: 01:00 | T56: 1 | X56: Elisa | AA56: 71
B57: 2125029623 | C57: IANDIORIO | D57: ALDO NATALINO | E57: 758-36 | F57: 3272025062 | G57: 2025 | H57: 23370 | I57: M | J57: Shock cardiogeno | K57: FALSE | L57: 78 | M57: 173 | N57: 45845 | O57: 03:44 | P57: 45845 | Q57: 17:12 | T57: 1 | U57: 3387877466 | X57: Mario | AA57: 61
B58: 2125032902 | C58: BRAIDA | D58: ILARIO | E58: 758-37 | F58: 3272025063 | G58: 2025 | H58: 34546 | I58: M | J58: ECPR OHCA | K58: FALSE | L58: 80 | M58: 178 | N58: 45869 | P58: 45870 | Q58: 08:10 | T58: 1 | X58: Simo | AA58: 31
B59: 2125032653 | C59: BAIOCCO | D59: RICCARDO | F59: 3272025064 | G59: 2025 | H59: 39847 | I59: M | J59: shock cardiogeno | K59: FALSE | L59: 85 | M59: 178 | N59: 45868 | P59: 45839 | Q59: 12:30 | T59: 1 | U59: 2470518860 | W59: madre | X59: Elisa | AA59: 16
B60: 2125037782 | C60: GILARDI | D60: CARLO VIRGINIO | E60: 758-38 | F60: 3272025065 | G60: 2025 | H60: 17358 | I60: M | J60: shock cardiogeno | K60: FALSE | L60: 60 | M60: 165 | N60: 45911 | P60: 45912 | Q60: 03:30 | T60: 1 | X60: Simo
B61: 2125037955 | C61: MANNINO | D61: ANDREA | E61: 758-39 | F61: 3272025066 | G61: 2025 | H61: 38666 | I61: M | J61: ECPR OHCA | K61: FALSE | L61: 70 | M61: 165 | N61: 45913 | O61: 07:50 | P61: 45913 | Q61: 09:03 | T61: 1 | U61: 3473449273 | W61: madre | X61: Marta | AA61: 19
B62: 2125040052 | C62: TODESCATO | D62: GIANLUCA | E62: 758-40 | F62: 3272025067 | G62: 2025 | H62: 21776 | I62: M | J62: rottura di cuore | K62: FALSE | L62: 80 | M62: 180 | N62: 45926 | O62: 12:00 | P62: 45926 | Q62: 22:00 | T62: 1 | U62: 3313892708 | W62: figlia | X62: Bianca | AA62: 66
B63: 2125040106 | C63: COLNAGHI | D63: EUGENIO PIERO | E63: 758-41 | F63: 3272025068 | G63: 2025 | H63: 18687 | I63: M | J63: ECPR IHCA | K63: FALSE | L63: 65 | M63: 170 | N63: 45930 | O63: 1500 | P63: 45930 | Q63: 21:00 | T63: 1 | U63: 3288596807 | W63: sorella | X63: Bianca | AA63: 74 anni
B64: 2125040835 | C64: PESACANE | D64: MATTEO VALERIO | E64: 758-42 | F64: 3272025069 | G64: 2025 | H64: 28632 | I64: M | J64: ECPR OHCA | K64: FALSE | L64: 85 | M64: 175 | N64: 45931 | O64: 18:16 | P64: 45931 | Q64: 20:20 | T64: 1 | U64: 3333335800 | W64: MADRE | X64: Bianca | AA64: 47 anni
B65: 2125042368 | C65: MARKOVIC | D65: BRANKO | E65: 758-43 | F65: 3272025070 | G65: 2025 | H65: 25596 | I65: M | J65: ECPR OHCA | K65: FALSE | L65: 90 | M65: 170 | N65: 45941 | O65: 1:58 | P65: 45941 | Q65: 04:07 | T65: 1 | U65: 3803706542 | W65: Moglie | X65: Elisa | AA65: 55
B66: 2125046195 | C66: CASILLO | D66: SALVATORE | E66: 758-44 | F66: 3272025071 | G66: 2025 | H66: 20615 | I66: M | J66: ECPR OHCA | K66: FALSE | L66: 90 | M66: 180 | N66: 45964 | O66: 0.71875 | P66: 45964 | Q66: 19:40 | T66: 1 | U66: 3470611079 | W66: Moglie | X66: Marta | AA66: 69
B67: 2125051424 | C67: CASABURI | D67: ERRICO | E67: 758-45 | F67: 3272025072 | G67: 2025 | H67: 23435 | I67: M | J67: shock cardiogeno | K67: FALSE | L67: 110 | M67: 178 | N67: 45996 | O67: 12:00 | P67: 45999 | Q67: 20:10 | T67: 1 | U67: 3924496089 | W67: figlio | X67: Elisa | AA67: 61
B68: 2125052700 | C68: GADDA | D68: LILIANA | E68: 758-46 | F68: 3272025073 | G68: 2025 | H68: 18994 | I68: F | J68: TEP | K68: FALSE | L68: 100 | M68: 165 | N68: 46006 | O68: 11:00 | P68: 46006 | Q68: 22:20 | T68: 1 | U68: 3337856544 | W68: figlio | X68: Elisa | AA68: 73
B69: 2125053097 | C69: LISSONI | D69: ALESSANDRA | E69: 758-47 | F69: 3272025074 | G69: 2025 | H69: 29276 | I69: F | J69: shock cardiogeno | K69: FALSE | L69: 55 | M69: 165 | N69: 46008 | P69: 46009 | T69: 1
B70: 2125053589 | C70: HU | D70: LIBEI | E70: 758-48 | G70: 2025 | H70: 33918 | I70: M | J70: ECPR OHCA | L70: 90 | M70: 175 | N70: 46013 | O70: 00:39 | P70: 46013 | Q70: 03:00 | T70: 1 | U70: 3343666031 | W70: amico | X70: Cesare | AA70: 33 anni
B71: 2125053750 | C71: BERETTA | D71: FULVIO | G71: 2025 | I71: M | J71: ECPR OHCA | L71: 110 | M71: 170 | N71: 46013 | O71: 19:46 | P71: 46013 | Q71: 22:00 | T71: 1 | U71: 3421921268 | W71: figlio
B72: 2125054451 | C72: RIVA | D72: EDOARDO | E72: 758-49
B73: 2126001052 | C73: RIERA | D73: STEFANO | E73: 758-50 | G73: 2026 | I73: M
B74: 2126001104 | C74: LOREGGIA | D74: GIAN MARCO | E74: 758-51 | G74: 2026 | I74: M | J74: ECPR OHCA | L74: 80 | M74: 175 | N74: 46033 | O74: 18:04 | P74: 46033 | Q74: 19:03 | T74: 1 | U74: 3356363636 | X74: Davide
B75: 2126002771 | C75: LONGOBARDI | D75: FRANCESCO | E75: 758-52 | G75: 2026 | I75: M | J75: ECPR OHCA | L75: 85 | M75: 175 | N75: 46043 | O75: 17:00 | P75: 46043 | Q75: 18:30 | T75: 1 | U75: 3391888613 | W75: moglie | X75: Simona | AA75: 63 anni
B76: 2126003199 | C76: CHIELLO | D76: IPPOLITO | E76: 758-53 | G76: 2026 | I76: M
B77: 2126000935 | C77: BIASUTTI | D77: PIERGIUSEPPE | E77: 758-54 | G77: 2026 | I77: M
B78: 2126005558 | C78: MONTEVAGO | D78: LEONARDO | E78: 758-55 | G78: 2026 | I78: M
B79: 2126005799 | C79: MAIORANO | D79: IOLANDA MARIA | E79: 758-56 | G79: 2026 | H79: 25142 | I79: F | J79: SHOCK CARDIOGENO | K79: NO | L79: 56 | M79: 151 | N79: 46063 | O79: 09:00 | P79: 46063 | Q79: 15:36 | T79: 1 | X79: Cesare
B80: 2126010635 | C80: CATALANO | D80: ROSALIA | E80: 758-57 | G80: 2026 | H80: 26858 | I80: F
C81: MERATI | D81: FRANCESCA ADELE | G81: 2026 | I81: F
B82: 2126013712 | C82: ROVERSI | D82: ALESSANDRO | G82: 2026 | I82: M
B83: 2126016647 | C83: PANATTI | D83: GIANPIERO | E83: 758-58 | G83: 2026 | H83: 23364 | I83: M
B84: 2126017049 | C84: ROMANO | D84: CONCETTA | G84: 2026
B85: 2126017640 | C85: SANTOS | D85: BERNARDO | G85: 2026 | H85: 24011 | I85: M

Sheet RUN
A1: 18:41 | B1: SDO | C1: COGNOME | D1: NOME | E1: ECMO LENS | F1: ELSO | G1: ANNO | H1: RUN | I1: START DATE | J1: START TIME | K1: END DATE | L1: END TIME | M1: MODE | N1: DATA CONVERSIONE | O1: MODO CONVERSIONE
B2: 2124019725 | C2: =VLOOKUP($B2,ANAGRAFICA!$B$1:$G$306,2,FALSE) -> AMIWO | D2: =VLOOKUP($B2,ANAGRAFICA!$B$1:$G$306,3,FALSE) -> REX STEVE | E2: =VLOOKUP($B2,ANAGRAFICA!$B$1:$G$306,4,FALSE) -> 758-18 | F2: =VLOOKUP($B2,ANAGRAFICA!$B$1:$G$306,5,FALSE) -> 3272024084 | G2: =VLOOKUP($B2,ANAGRAFICA!$B$1:$G$306,6,FALSE) -> 2024 | H2: 1 | I2: 45601 | J2: 07:58 | K2: 45602 | L2: 03:00 | M2: VA
B3: 2125004454 | C3: =VLOOKUP($B3,ANAGRAFICA!$B$1:$G$306,2,FALSE) -> ANTIGNANO | D3: =VLOOKUP($B3,ANAGRAFICA!$B$1:$G$306,3,FALSE) -> MAURO | E3: =VLOOKUP($B3,ANAGRAFICA!$B$1:$G$306,4,FALSE) -> 758-23 | F3: =VLOOKUP($B3,ANAGRAFICA!$B$1:$G$306,5,FALSE) -> 3272025052 | G3: =VLOOKUP($B3,ANAGRAFICA!$B$1:$G$306,6,FALSE) -> 2025 | H3: 1 | I3: 45688 | J3: 02:15 | K3: 45688 | L3: 20:18 | M3: VA
B4: 2124018690 | C4: =VLOOKUP($B4,ANAGRAFICA!$B$1:$G$306,2,FALSE) -> AVENIDO | D4: =VLOOKUP($B4,ANAGRAFICA!$B$1:$G$306,3,FALSE) -> DELFIN | E4: =VLOOKUP($B4,ANAGRAFICA!$B$1:$G$306,4,FALSE) -> 758-16 | F4: =VLOOKUP($B4,ANAGRAFICA!$B$1:$G$306,5,FALSE) -> 3272024082 | G4: =VLOOKUP($B4,ANAGRAFICA!$B$1:$G$306,6,FALSE) -> 2024 | H4: 1 | I4: 45585 | J4: 15:33 | K4: 45590 | L4: 15:33 | M4: VA
B5: 2123023299 | C5: =VLOOKUP($B5,ANAGRAFICA!$B$1:$G$306,2,FALSE) -> BEATRICE | D5: =VLOOKUP($B5,ANAGRAFICA!$B$1:$G$306,3,FALSE) -> GERARDINA | E5: =VLOOKUP($B5,ANAGRAFICA!$B$1:$G$306,4,FALSE) | F5: =VLOOKUP($B5,ANAGRAFICA!$B$1:$G$306,5,FALSE) -> 3272024098 | G5: =VLOOKUP($B5,ANAGRAFICA!$B$1:$G$306,6,FALSE) -> 2024 | H5: 1 | I5: 45292 | J5: 23:50:00 | K5: 45293 | L5: 07:25:00 | M5: VA
B6: 2124011236 | C6: =VLOOKUP($B6,ANAGRAFICA!$B$1:$G$306,2,FALSE) -> BERETTA | D6: =VLOOKUP($B6,ANAGRAFICA!$B$1:$G$306,3,FALSE) -> ENZO LUCIANO | E6: =VLOOKUP($B6,ANAGRAFICA!$B$1:$G$306,4,FALSE) -> 758-3 | F6: =VLOOKUP($B6,ANAGRAFICA!$B$1:$G$306,5,FALSE) -> 3272024069 | G6: =VLOOKUP($B6,ANAGRAFICA!$B$1:$G$306,6,FALSE) -> 2024 | H6: 1 | I6: 45461 | J6: 21:10 | K6: 45474 | L6: 11:30 | M6: VA
B7: 2124009735 | C7: =VLOOKUP($B7,ANAGRAFICA!$B$1:$G$306,2,FALSE) -> BOSSI | D7: =VLOOKUP($B7,ANAGRAFICA!$B$1:$G$306,3,FALSE) -> LUDOVICO | E7: =VLOOKUP($B7,ANAGRAFICA!$B$1:$G$306,4,FALSE) -> 758-1 | F7: =VLOOKUP($B7,ANAGRAFICA!$B$1:$G$306,5,FALSE) -> 3272024067 | G7: =VLOOKUP($B7,ANAGRAFICA!$B$1:$G$306,6,FALSE) -> 2024 | H7: 1 | I7: 45434 | J7: 23:32 | K7: 45440 | L7: 16:44 | M7: VA
B8: 2124018637 | C8: =VLOOKUP($B8,ANAGRAFICA!$B$1:$G$306,2,FALSE) -> CARIBONI | D8: =VLOOKUP($B8,ANAGRAFICA!$B$1:$G$306,3,FALSE) -> LORENZA | E8: =VLOOKUP($B8,ANAGRAFICA!$B$1:$G$306,4,FALSE) -> 758-15 | F8: =VLOOKUP($B8,ANAGRAFICA!$B$1:$G$306,5,FALSE) -> 3272024081 | G8: =VLOOKUP($B8,ANAGRAFICA!$B$1:$G$306,6,FALSE) -> 2024 | H8: 1 | I8: 45584 | J8: 03:04 | K8: 45585 | L8: 10:50 | M8: VA
B9: 2124203781 | C9: =VLOOKUP($B9,ANAGRAFICA!$B$1:$G$306,2,FALSE) -> CONCA | D9: =VLOOKUP($B9,ANAGRAFICA!$B$1:$G$306,3,FALSE) -> CAMILLA | E9: =VLOOKUP($B9,ANAGRAFICA!$B$1:$G$306,4,FALSE) | F9: =VLOOKUP($B9,ANAGRAFICA!$B$1:$G$306,5,FALSE) -> 3272024058 | G9: =VLOOKUP($B9,ANAGRAFICA!$B$1:$G$306,6,FALSE) -> 2024 | H9: 1 | I9: 45351 | J9: 12:50 | K9: 45352 | L9: 12:00 | M9: VA
B10: 2124206072 | C10: =VLOOKUP($B10,ANAGRAFICA!$B$1:$G$306,2,FALSE) -> CONSONNI | D10: =VLOOKUP($B10,ANAGRAFICA!$B$1:$G$306,3,FALSE) -> GIULIO | E10: =VLOOKUP($B10,ANAGRAFICA!$B$1:$G$306,4,FALSE) | F10: =VLOOKUP($B10,ANAGRAFICA!$B$1:$G$306,5,FALSE) -> 3272024064 | G10: =VLOOKUP($B10,ANAGRAFICA!$B$1:$G$306,6,FALSE) -> 2024 | H10: 1 | I10: 45409 | J10: 00:07 | K10: 45414 | L10: 11:10 | M10: VA
B11: 2124206072 | C11: =VLOOKUP($B11,ANAGRAFICA!$B$1:$G$306,2,FALSE) -> CONSONNI | D11: =VLOOKUP($B11,ANAGRAFICA!$B$1:$G$306,3,FALSE) -> GIULIO | E11: =VLOOKUP($B11,ANAGRAFICA!$B$1:$G$306,4,FALSE) | F11: =VLOOKUP($B11,ANAGRAFICA!$B$1:$G$306,5,FALSE) -> 3272024064 | G11: =VLOOKUP($B11,ANAGRAFICA!$B$1:$G$306,6,FALSE) -> 2024 | H11: 2 | I11: 45416 | J11: 02:15 | K11: 45417 | L11: 13:30 | M11: VA
B12: 2124211722 | C12: =VLOOKUP($B12,ANAGRAFICA!$B$1:$G$306,2,FALSE) -> CORIO | D12: =VLOOKUP($B12,ANAGRAFICA!$B$1:$G$306,3,FALSE) -> GIOVANNI | E12: =VLOOKUP($B12,ANAGRAFICA!$B$1:$G$306,4,FALSE) -> 758-13 | F12: =VLOOKUP($B12,ANAGRAFICA!$B$1:$G$306,5,FALSE) -> 3272024079 | G12: =VLOOKUP($B12,ANAGRAFICA!$B$1:$G$306,6,FALSE) -> 2024 | H12: 1 | I12: 45571 | J12: 20:28 | K12: 45576 | L12: 17:00 | M12: VA
B13: 2124018611 | C13: =VLOOKUP($B13,ANAGRAFICA!$B$1:$G$306,2,FALSE) -> CURTO | D13: =VLOOKUP($B13,ANAGRAFICA!$B$1:$G$306,3,FALSE) -> ROBERTO | E13: =VLOOKUP($B13,ANAGRAFICA!$B$1:$G$306,4,FALSE) | F13: =VLOOKUP($B13,ANAGRAFICA!$B$1:$G$306,5,FALSE) | G13: =VLOOKUP($B13,ANAGRAFICA!$B$1:$G$306,6,FALSE) -> 2024 | H13: 1 | I13: 45583 | J13: 22:36 | K13: 45586 | L13: 13:05 | M13: VA
... B22: 2124000241 | C22: =VLOOKUP($B22,ANAGRAFICA!$B$1:$G$306,2,FALSE) -> ISELLA | D22: =VLOOKUP($B22,ANAGRAFICA!$B$1:$G$306,3,FALSE) -> VINCENZO | E22: =VLOOKUP($B22,ANAGRAFICA!$B$1:$G$306,4,FALSE) | F22: =VLOOKUP($B22,ANAGRAFICA!$B$1:$G$306,5,FALSE) -> 3272024052 | G22: =VLOOKUP($B22,ANAGRAFICA!$B$1:$G$306,6,FALSE) -> 2024 | H22: 1 | I22: 45296 | J22: 11:53 | K22: 45297 | L22: 09:00 | M22: VA
B23: 2124000328 | C23: =VLOOKUP($B23,ANAGRAFICA!$B$1:$G$306,2,FALSE) -> LAVANGA | D23: =VLOOKUP($B23,ANAGRAFICA!$B$1:$G$306,3,FALSE) -> DONATO | E23: =VLOOKUP($B23,ANAGRAFICA!$B$1:$G$306,4,FALSE) | F23: =VLOOKUP($B23,ANAGRAFICA!$B$1:$G$306,5,FALSE) -> 3272024053 | G23: =VLOOKUP($B23,ANAGRAFICA!$B$1:$G$306,6,FALSE) -> 2024 | H23: 1 | I23: 45298 | J23: 15:35 | K23: 45301 | L23: 0 | M23: VA
B24: 2125004867 | C24: =VLOOKUP($B24,ANAGRAFICA!$B$1:$G$306,2,FALSE) -> MARCONI | D24: =VLOOKUP($B24,ANAGRAFICA!$B$1:$G$306,3,FALSE) -> PIETRO VITTORIO | E24: =VLOOKUP($B24,ANAGRAFICA!$B$1:$G$306,4,FALSE) | F24: =VLOOKUP($B24,ANAGRAFICA!$B$1:$G$306,5,FALSE) -> 3272025053 | G24: =VLOOKUP($B24,ANAGRAFICA!$B$1:$G$306,6,FALSE) -> 2025 | H24: 1 | I24: 45691 | J24: 11:53 | K24: 45692 | L24: 17:04 | M24: VA
B25: 2124008603 | C25: =VLOOKUP($B25,ANAGRAFICA!$B$1:$G$306,2,FALSE) -> MARIANI | D25: =VLOOKUP($B25,ANAGRAFICA!$B$1:$G$306,3,FALSE) -> MARCO | E25: =VLOOKUP($B25,ANAGRAFICA!$B$1:$G$306,4,FALSE) | F25: =VLOOKUP($B25,ANAGRAFICA!$B$1:$G$306,5,FALSE) -> 3272024066 | G25: =VLOOKUP($B25,ANAGRAFICA!$B$1:$G$306,6,FALSE) -> 2024 | H25: 1 | I25: 45425 | J25: 13:28 | K25: 45447 | L25: 15:30 | M25: VV
B26: 2124023603 | C26: =VLOOKUP($B26,ANAGRAFICA!$B$1:$G$306,2,FALSE) -> MAZZARDIS | D26: =VLOOKUP($B26,ANAGRAFICA!$B$1:$G$306,3,FALSE) -> DAVIDE | E26: =VLOOKUP($B26,ANAGRAFICA!$B$1:$G$306,4,FALSE) -> 758-19 | F26: =VLOOKUP($B26,ANAGRAFICA!$B$1:$G$306,5,FALSE) -> 3272024085 | G26: =VLOOKUP($B26,ANAGRAFICA!$B$1:$G$306,6,FALSE) -> 2024 | H26: 1 | I26: 45622 | J26: 12:06 | K26: 45627 | L26: 15:30 | M26: VA
B27: 2124023603 | C27: =VLOOKUP($B27,ANAGRAFICA!$B$1:$G$306,2,FALSE) -> MAZZARDIS | D27: =VLOOKUP($B27,ANAGRAFICA!$B$1:$G$306,3,FALSE) -> DAVIDE | E27: =VLOOKUP($B27,ANAGRAFICA!$B$1:$G$306,4,FALSE) -> 758-19 | F27: =VLOOKUP($B27,ANAGRAFICA!$B$1:$G$306,5,FALSE) -> 3272024085 | G27: =VLOOKUP($B27,ANAGRAFICA!$B$1:$G$306,6,FALSE) -> 2024 | H27: 2 | I27: 45641 | J27: 06:00 | K27: 45657 | L27: 09:40 | M27: VA
B28: 2124000149 | C28: =VLOOKUP($B28,ANAGRAFICA!$B$1:$G$306,2,FALSE) -> MOTTA | D28: =VLOOKUP($B28,ANAGRAFICA!$B$1:$G$306,3,FALSE) -> FABIO | E28: =VLOOKUP($B28,ANAGRAFICA!$B$1:$G$306,4,FALSE) | F28: =VLOOKUP($B28,ANAGRAFICA!$B$1:$G$306,5,FALSE) -> 3272024051 | G28: =VLOOKUP($B28,ANAGRAFICA!$B$1:$G$306,6,FALSE) -> 2024 | H28: 1 | I28: 45295 | J28: 15:55 | K28: 45299 | L28: 13:30 | M28: VA
B29: 2124003924 | C29: =VLOOKUP($B29,ANAGRAFICA!$B$1:$G$306,2,FALSE) -> MUHAMMAD | D29: =VLOOKUP($B29,ANAGRAFICA!$B$1:$G$306,3,FALSE) -> SHARIF | E29: =VLOOKUP($B29,ANAGRAFICA!$B$1:$G$306,4,FALSE) | F29: =VLOOKUP($B29,ANAGRAFICA!$B$1:$G$306,5,FALSE) -> 3272024059 | G29: =VLOOKUP($B29,ANAGRAFICA!$B$1:$G$306,6,FALSE) -> 2024 | H29: 1 | I29: 45349 | J29: 11:39 | K29: 45350 | L29: 15:40 | M29: VA
B30: 2124010700 | C30: =VLOOKUP($B30,ANAGRAFICA!$B$1:$G$306,2,FALSE) -> ORNAGHI | D30: =VLOOKUP($B30,ANAGRAFICA!$B$1:$G$306,3,FALSE) -> LORENZO | E30: =VLOOKUP($B30,ANAGRAFICA!$B$1:$G$306,4,FALSE) -> 758-2 | F30: =VLOOKUP($B30,ANAGRAFICA!$B$1:$G$306,5,FALSE) -> 3272024068 | G30: =VLOOKUP($B30,ANAGRAFICA!$B$1:$G$306,6,FALSE) -> 2024 | H30: 1 | I30: 45448 | J30: 14:47 | K30: 45450 | L30: 10:15 | M30: VA
B31: 2124025878 | C31: =VLOOKUP($B31,ANAGRAFICA!$B$1:$G$306,2,FALSE) -> PEDRONI | D31: =VLOOKUP($B31,ANAGRAFICA!$B$1:$G$306,3,FALSE) -> PIERANGELO | E31: =VLOOKUP($B31,ANAGRAFICA!$B$1:$G$306,4,FALSE) -> 758-22 | F31: =VLOOKUP($B31,ANAGRAFICA!$B$1:$G$306,5,FALSE) -> 3272024088 | G31: =VLOOKUP($B31,ANAGRAFICA!$B$1:$G$306,6,FALSE) -> 2024 | H31: 1 | I31: 45636 | J31: 20:10 | K31: 19/12/ 2024 | L31: 16:10 | M31: VA
B32: 2124014334 | C32: =VLOOKUP($B32,ANAGRAFICA!$B$1:$G$306,2,FALSE) -> PONTIGGIA | D32: =VLOOKUP($B32,ANAGRAFICA!$B$1:$G$306,3,FALSE) -> FLAVIO | E32: =VLOOKUP($B32,ANAGRAFICA!$B$1:$G$306,4,FALSE) -> 758-9 | F32: =VLOOKUP($B32,ANAGRAFICA!$B$1:$G$306,5,FALSE) -> 3272024075 | G32: =VLOOKUP($B32,ANAGRAFICA!$B$1:$G$306,6,FALSE) -> 2024 | H32: 1 | I32: 45512 | J32: 11:42 | K32: 45513 | L32: 18:55 | M32: VA
B33: 2124003531 | C33: =VLOOKUP($B33,ANAGRAFICA!$B$1:$G$306,2,FALSE) -> RASPANTI | D33: =VLOOKUP($B33,ANAGRAFICA!$B$1:$G$306,3,FALSE) -> ANDREA | E33: =VLOOKUP($B33,ANAGRAFICA!$B$1:$G$306,4,FALSE) | F33: =VLOOKUP($B33,ANAGRAFICA!$B$1:$G$306,5,FALSE) -> 3272024057 | G33: =VLOOKUP($B33,ANAGRAFICA!$B$1:$G$306,6,FALSE) -> 2024 | H33: 1 | I33: 45343 | J33: 18:05 | K33: 45351 | L33: 12:00 | M33: va
B34: 2124024078 | C34: =VLOOKUP($B34,ANAGRAFICA!$B$1:$G$306,2,FALSE) -> ROVARIS | D34: =VLOOKUP($B34,ANAGRAFICA!$B$1:$G$306,3,FALSE) -> ANGELO FELICE | E34: =VLOOKUP($B34,ANAGRAFICA!$B$1:$G$306,4,FALSE) -> 758-20 | F34: =VLOOKUP($B34,ANAGRAFICA!$B$1:$G$306,5,FALSE) -> 3272024086 | G34: =VLOOKUP($B34,ANAGRAFICA!$B$1:$G$306,6,FALSE) -> 2024 | H34: 1 | I34: 45625 | J34: 19:50 | K34: 45632 | L34: 14:00 | M34: VA
B35: 2124005780 | C35: =VLOOKUP($B35,ANAGRAFICA!$B$1:$G$306,2,FALSE) -> SAINCIUC | D35: =VLOOKUP($B35,ANAGRAFICA!$B$1:$G$306,3,FALSE) -> AUREL | E35: =VLOOKUP($B35,ANAGRAFICA!$B$1:$G$306,4,FALSE) | F35: =VLOOKUP($B35,ANAGRAFICA!$B$1:$G$306,5,FALSE) -> 3272024061 | G35: =VLOOKUP($B35,ANAGRAFICA!$B$1:$G$306,6,FALSE) -> 2024 | H35: 1 | I35: 45376 | J35: 03:45 | K35: 45378 | L35: 04:46 | M35: VA
B36: 2124017757 | C36: =VLOOKUP($B36,ANAGRAFICA!$B$1:$G$306,2,FALSE) -> SALA | D36: =VLOOKUP($B36,ANAGRAFICA!$B$1:$G$306,3,FALSE) -> FELICE | E36: =VLOOKUP($B36,ANAGRAFICA!$B$1:$G$306,4,FALSE) -> 758-14 | F36: =VLOOKUP($B36,ANAGRAFICA!$B$1:$G$306,5,FALSE) -> 3272024080 | G36: =VLOOKUP($B36,ANAGRAFICA!$B$1:$G$306,6,FALSE) -> 2024 | H36: 1 | I36: 45572 | J36: 08:15 | K36: 45576 | L36: 13:45 | M36: VA
B37: 2124015827 | C37: =VLOOKUP($B37,ANAGRAFICA!$B$1:$G$306,2,FALSE) -> SCHIAVON | D37: =VLOOKUP($B37,ANAGRAFICA!$B$1:$G$306,3,FALSE) -> ELIO PAOLO | E37: =VLOOKUP($B37,ANAGRAFICA!$B$1:$G$306,4,FALSE) -> 758-11 | F37: =VLOOKUP($B37,ANAGRAFICA!$B$1:$G$306,5,FALSE) -> 3272024077 | G37: =VLOOKUP($B37,ANAGRAFICA!$B$1:$G$306,6,FALSE) -> 2024 | H37: 1 | I37: 45543 | J37: 16:55 | K37: 45547 | L37: 10:00 | M37: VA
B38: 2124002215 | C38: =VLOOKUP($B38,ANAGRAFICA!$B$1:$G$306,2,FALSE) -> SCHIFANO | D38: =VLOOKUP($B38,ANAGRAFICA!$B$1:$G$306,3,FALSE) -> FRANCESCO | E38: =VLOOKUP($B38,ANAGRAFICA!$B$1:$G$306,4,FALSE) | F38: =VLOOKUP($B38,ANAGRAFICA!$B$1:$G$306,5,FALSE) -> 3272024055 | G38: =VLOOKUP($B38,ANAGRAFICA!$B$1:$G$306,6,FALSE) -> 2024 | H38: 1 | I38: 45325 | J38: 13:45 | K38: 45329 | L38: 13:00 | M38: va
B39: 2124019184 | C39: =VLOOKUP($B39,ANAGRAFICA!$B$1:$G$306,2,FALSE) -> SERVIDIO | D39: =VLOOKUP($B39,ANAGRAFICA!$B$1:$G$306,3,FALSE) -> GIOVANNI | E39: =VLOOKUP($B39,ANAGRAFICA!$B$1:$G$306,4,FALSE) -> 758-17 | F39: =VLOOKUP($B39,ANAGRAFICA!$B$1:$G$306,5,FALSE) -> 3272024083 | G39: =VLOOKUP($B39,ANAGRAFICA!$B$1:$G$306,6,FALSE) -> 2024 | H39: 1 | I39: 45594 | J39: 16:30 | K39: 45611 | L39: 11:00 | M39: VA
B40: 2124013801 | C40: =VLOOKUP($B40,ANAGRAFICA!$B$1:$G$306,2,FALSE) -> SGOBBA | D40: =VLOOKUP($B40,ANAGRAFICA!$B$1:$G$306,3,FALSE) -> ANNA | E40: =VLOOKUP($B40,ANAGRAFICA!$B$1:$G$306,4,FALSE) -> 758-8 | F40: =VLOOKUP($B40,ANAGRAFICA!$B$1:$G$306,5,FALSE) -> 3272024074 | G40: =VLOOKUP($B40,ANAGRAFICA!$B$1:$G$306,6,FALSE) -> 2024 | H40: 1 | I40: 45511 | J40: 15:30 | K40: 45520 | L40: 18:00 | M40: VA
B41: 2125000348 | C41: =VLOOKUP($B41,ANAGRAFICA!$B$1:$G$306,2,FALSE) -> SLAVKOVA | D41: =VLOOKUP($B41,ANAGRAFICA!$B$1:$G$306,3,FALSE) -> EVELINA PLAMENOVA | E41: =VLOOKUP($B41,ANAGRAFICA!$B$1:$G$306,4,FALSE) | F41: =VLOOKUP($B41,ANAGRAFICA!$B$1:$G$306,5,FALSE) -> 3272025051 | G41: =VLOOKUP($B41,ANAGRAFICA!$B$1:$G$306,6,FALSE) -> 2025 | H41: 1 | I41: 45662 | J41: 22:35 | K41: 45665 | L41: 3:00 | M41: VA | P41: decesso 07/01/2025 10:52
B42: 2124012963 | C42: =VLOOKUP($B42,ANAGRAFICA!$B$1:$G$306,2,FALSE) -> TARENZI | D42: =VLOOKUP($B42,ANAGRAFICA!$B$1:$G$306,3,FALSE) -> GIACOMO | E42: =VLOOKUP($B42,ANAGRAFICA!$B$1:$G$306,4,FALSE) -> 758-7 | F42: =VLOOKUP($B42,ANAGRAFICA!$B$1:$G$306,5,FALSE) -> 3272024073 | G42: =VLOOKUP($B42,ANAGRAFICA!$B$1:$G$306,6,FALSE) -> 2024 | H42: 1 | I42: 45487 | J42: 09:23:00 | K42: 45496 | L42: 11:53 | M42: VA | N42: . | O42: . | P42: .
B43: 2124012963 | C43: =VLOOKUP($B43,ANAGRAFICA!$B$1:$G$306,2,FALSE) -> TARENZI | D43: =VLOOKUP($B43,ANAGRAFICA!$B$1:$G$306,3,FALSE) -> GIACOMO | E43: =VLOOKUP($B43,ANAGRAFICA!$B$1:$G$306,4,FALSE) -> 758-7 | F43: =VLOOKUP($B43,ANAGRAFICA!$B$1:$G$306,5,FALSE) -> 3272024073 | G43: =VLOOKUP($B43,ANAGRAFICA!$B$1:$G$306,6,FALSE) -> 2024 | H43: 1 | I43: 45487 | J43: 09:23 | K43: 45496 | L43: 11:53 | M43: VA
B44: 2124007138 | C44: =VLOOKUP($B44,ANAGRAFICA!$B$1:$G$306,2,FALSE) -> TARTARELLI | D44: =VLOOKUP($B44,ANAGRAFICA!$B$1:$G$306,3,FALSE) -> GIUSEPPE | E44: =VLOOKUP($B44,ANAGRAFICA!$B$1:$G$306,4,FALSE) | F44: =VLOOKUP($B44,ANAGRAFICA!$B$1:$G$306,5,FALSE) -> 3272024063 | G44: =VLOOKUP($B44,ANAGRAFICA!$B$1:$G$306,6,FALSE) -> 2024 | H44: 1 | I44: 45395 | J44: 12:02 | K44: 45397 | L44: 21:20 | M44: VA
B45: 2124001121 | C45: =VLOOKUP($B45,ANAGRAFICA!$B$1:$G$306,2,FALSE) -> TIEGHI | D45: =VLOOKUP($B45,ANAGRAFICA!$B$1:$G$306,3,FALSE) -> MASSIMO | E45: =VLOOKUP($B45,ANAGRAFICA!$B$1:$G$306,4,FALSE) | F45: =VLOOKUP($B45,ANAGRAFICA!$B$1:$G$306,5,FALSE) -> 3272024054 | G45: =VLOOKUP($B45,ANAGRAFICA!$B$1:$G$306,6,FALSE) -> 2024 | H45: 1 | I45: 45309 | J45: 09:30 | K45: 45310 | L45: 18:00 | M45: VA
B46: 2124004761 | C46: =VLOOKUP($B46,ANAGRAFICA!$B$1:$G$306,2,FALSE) -> TRAMPOLIN | D46: =VLOOKUP($B46,ANAGRAFICA!$B$1:$G$306,3,FALSE) -> FABIO | E46: =VLOOKUP($B46,ANAGRAFICA!$B$1:$G$306,4,FALSE) | F46: =VLOOKUP($B46,ANAGRAFICA!$B$1:$G$306,5,FALSE) -> 3272024060 | G46: =VLOOKUP($B46,ANAGRAFICA!$B$1:$G$306,6,FALSE) -> 2024 | H46: 1 | I46: 45361 | J46: 10:25 | K46: 45363 | L46: 14:15 | M46: VA
B47: 2124016781 | C47: =VLOOKUP($B47,ANAGRAFICA!$B$1:$G$306,2,FALSE) -> TURNO ARTHEMALLE | D47: =VLOOKUP($B47,ANAGRAFICA!$B$1:$G$306,3,FALSE) -> ALICE | E47: =VLOOKUP($B47,ANAGRAFICA!$B$1:$G$306,4,FALSE) -> 758-12 | F47: =VLOOKUP($B47,ANAGRAFICA!$B$1:$G$306,5,FALSE) -> 3272024078 | G47: =VLOOKUP($B47,ANAGRAFICA!$B$1:$G$306,6,FALSE) -> 2024 | H47: 1 | I47: 45561 | J47: 14:00 | K47: 45566 | L47: 10:30 | M47: VA
B48: 2124202869 | C48: =VLOOKUP($B48,ANAGRAFICA!$B$1:$G$306,2,FALSE) -> VALSECCHI | D48: =VLOOKUP($B48,ANAGRAFICA!$B$1:$G$306,3,FALSE) -> ANDREA | E48: =VLOOKUP($B48,ANAGRAFICA!$B$1:$G$306,4,FALSE) | F48: =VLOOKUP($B48,ANAGRAFICA!$B$1:$G$306,5,FALSE) -> 3272024056 | G48: =VLOOKUP($B48,ANAGRAFICA!$B$1:$G$306,6,FALSE) -> 2024 | H48: 1 | I48: 45336 | J48: 18:44 | K48: 45342 | L48: 12:00 | M48: va
B49: 2025010247 | C49: =VLOOKUP($B49,ANAGRAFICA!$B$1:$G$306,2,FALSE) -> TREMOLADA | D49: =VLOOKUP($B49,ANAGRAFICA!$B$1:$G$306,3,FALSE) -> MARCO | E49: =VLOOKUP($B49,ANAGRAFICA!$B$1:$G$306,4,FALSE) -> 758-25 | F49: =VLOOKUP($B49,ANAGRAFICA!$B$1:$G$306,5,FALSE) -> 3272025054 | G49: =VLOOKUP($B49,ANAGRAFICA!$B$1:$G$306,6,FALSE) -> 2025 | H49: 1 | I49: 45720 | J49: 15:40 | K49: 45728 | L49: 11:00 | M49: VA
B50: 2025010247 | C50: =VLOOKUP($B50,ANAGRAFICA!$B$1:$G$306,2,FALSE) -> TREMOLADA | D50: =VLOOKUP($B50,ANAGRAFICA!$B$1:$G$306,3,FALSE) -> MARCO | E50: =VLOOKUP($B50,ANAGRAFICA!$B$1:$G$306,4,FALSE) -> 758-25 | F50: =VLOOKUP($B50,ANAGRAFICA!$B$1:$G$306,5,FALSE) -> 3272025054 | G50: =VLOOKUP($B50,ANAGRAFICA!$B$1:$G$306,6,FALSE) -> 2025 | H50: 2 | I50: 45732 | J50: 18:10 | K50: 45812 | L50: 22:00 | M50: VA | P50: trasferito per trapianto H Pavia
B51: 2125020858 | C51: =VLOOKUP($B51,ANAGRAFICA!$B$1:$G$306,2,FALSE) -> FALVO | D51: =VLOOKUP($B51,ANAGRAFICA!$B$1:$G$306,3,FALSE) -> FRANCESCO | E51: =VLOOKUP($B51,ANAGRAFICA!$B$1:$G$306,4,FALSE) | F51: =VLOOKUP($B51,ANAGRAFICA!$B$1:$G$306,5,FALSE) -> 3272025055 | G51: =VLOOKUP($B51,ANAGRAFICA!$B$1:$G$306,6,FALSE) -> 2025 | H51: 1 | I51: 45787 | J51: 03:49 | K51: 45788 | L51: 06:24 | M51: VA
B52: 2125023093 | C52: =VLOOKUP($B52,ANAGRAFICA!$B$1:$G$306,2,FALSE) -> GHEZZI | D52: =VLOOKUP($B52,ANAGRAFICA!$B$1:$G$306,3,FALSE) -> FABIO | E52: =VLOOKUP($B52,ANAGRAFICA!$B$1:$G$306,4,FALSE) -> 758-28 | F52: =VLOOKUP($B52,ANAGRAFICA!$B$1:$G$306,5,FALSE) -> 3272025056 | G52: =VLOOKUP($B52,ANAGRAFICA!$B$1:$G$306,6,FALSE) -> 2025 | H52: 1 | I52: 45800 | J52: 8:18 | K52: 45802 | L52: 11:27 | M52: VA | P52: decesso 25/05/2025
B53: 2125024608 | C53: =VLOOKUP($B53,ANAGRAFICA!$B$1:$G$306,2,FALSE) -> ZAPPIA | D53: =VLOOKUP($B53,ANAGRAFICA!$B$1:$G$306,3,FALSE) -> LEONARDO | E53: =VLOOKUP($B53,ANAGRAFICA!$B$1:$G$306,4,FALSE) -> 758-29 | F53: =VLOOKUP($B53,ANAGRAFICA!$B$1:$G$306,5,FALSE) -> 3272025057 | G53: =VLOOKUP($B53,ANAGRAFICA!$B$1:$G$306,6,FALSE) -> 2025 | H53: 1 | I53: 45811 | J53: 11:32 | K53: 45815 | L53: 13:07 | M53: VA | P53: decesso 07/06/2025
B54: 2125024565 | C54: =VLOOKUP($B54,ANAGRAFICA!$B$1:$G$306,2,FALSE) -> POLICARPO | D54: =VLOOKUP($B54,ANAGRAFICA!$B$1:$G$306,3,FALSE) -> FRANCESCO | E54: =VLOOKUP($B54,ANAGRAFICA!$B$1:$G$306,4,FALSE) -> 758-30 | F54: =VLOOKUP($B54,ANAGRAFICA!$B$1:$G$306,5,FALSE) | G54: =VLOOKUP($B54,ANAGRAFICA!$B$1:$G$306,6,FALSE) -> 2025 | H54: 1 | I54: 45813 | J54: 20:00 | K54: 45814 | L54: 17:45 | M54: VA | P54: decesso 06/06/2025
B55: 2125025861 | C55: =VLOOKUP($B55,ANAGRAFICA!$B$1:$G$306,2,FALSE) -> CASSANI | D55: =VLOOKUP($B55,ANAGRAFICA!$B$1:$G$306,3,FALSE) -> DAVIDE VIRGILIO | E55: =VLOOKUP($B55,ANAGRAFICA!$B$1:$G$306,4,FALSE) -> 758-31 | F55: =VLOOKUP($B55,ANAGRAFICA!$B$1:$G$306,5,FALSE) -> 3272025058 | G55: =VLOOKUP($B55,ANAGRAFICA!$B$1:$G$306,6,FALSE) -> 2025 | H55: 1 | I55: 45818 | J55: 15:50 | K55: 45824 | L55: 12:30 | M55: VA | P55: decesso 16/06/2025
B56: 2125026559 | C56: =VLOOKUP($B56,ANAGRAFICA!$B$1:$G$306,2,FALSE) -> VEDUTI | D56: =VLOOKUP($B56,ANAGRAFICA!$B$1:$G$306,3,FALSE) -> LORENZO | E56: =VLOOKUP($B56,ANAGRAFICA!$B$1:$G$306,4,FALSE) -> 758-32 | F56: =VLOOKUP($B56,ANAGRAFICA!$B$1:$G$306,5,FALSE) -> 3272025059 | G56: =VLOOKUP($B56,ANAGRAFICA!$B$1:$G$306,6,FALSE) -> 2025 | H56: 1 | I56: 45824 | J56: 01:30 | K56: 45825 | L56: 12:25 | M56: VA | P56: decesso 17/06/2025
B57: 2125029623 | C57: =VLOOKUP($B57,ANAGRAFICA!$B$1:$G$306,2,FALSE) -> IANDIORIO | D57: =VLOOKUP($B57,ANAGRAFICA!$B$1:$G$306,3,FALSE) -> ALDO NATALINO | E57: =VLOOKUP($B57,ANAGRAFICA!$B$1:$G$306,4,FALSE) -> 758-36 | F57: =VLOOKUP($B57,ANAGRAFICA!$B$1:$G$306,5,FALSE) -> 3272025062 | G57: =VLOOKUP($B57,ANAGRAFICA!$B$1:$G$306,6,FALSE) -> 2025 | H57: 1 | I57: 45845 | J57: 15:30 | K57: 45855 | L57: 12:39 | M57: VA | P57: decesso 17/7/2025
B58: 2125027331 | C58: =VLOOKUP($B58,ANAGRAFICA!$B$1:$G$306,2,FALSE) -> QUARIN | D58: =VLOOKUP($B58,ANAGRAFICA!$B$1:$G$306,3,FALSE) -> FRANCO | E58: =VLOOKUP($B58,ANAGRAFICA!$B$1:$G$306,4,FALSE) -> 758-34 | F58: =VLOOKUP($B58,ANAGRAFICA!$B$1:$G$306,5,FALSE) | G58: =VLOOKUP($B58,ANAGRAFICA!$B$1:$G$306,6,FALSE) -> 2025 | H58: 1 | I58: 45828 | J58: 02:20 | K58: 45828 | L58: 17:45 | M58: VA | P58: decesso 20/06/2025
B59: 2125026384 | C59: =VLOOKUP($B59,ANAGRAFICA!$B$1:$G$306,2,FALSE) -> PRINCIPATO | D59: =VLOOKUP($B59,ANAGRAFICA!$B$1:$G$306,3,FALSE) -> FRANCO ANGELO | E59: =VLOOKUP($B59,ANAGRAFICA!$B$1:$G$306,4,FALSE) -> 758-35 | F59: =VLOOKUP($B59,ANAGRAFICA!$B$1:$G$306,5,FALSE) -> 3272025061 | G59: =VLOOKUP($B59,ANAGRAFICA!$B$1:$G$306,6,FALSE) -> 2025 | H59: 1 | I59: 45832 | J59: 23:30 | K59: 45837 | L59: 14:00 | M59: VA | P59: decesso 04/07/2025
B60: 2125026869 | C60: =VLOOKUP($B60,ANAGRAFICA!$B$1:$G$306,2,FALSE) -> NACCARI | D60: =VLOOKUP($B60,ANAGRAFICA!$B$1:$G$306,3,FALSE) -> ROBERTO | E60: =VLOOKUP($B60,ANAGRAFICA!$B$1:$G$306,4,FALSE) -> 758-33 | F60: =VLOOKUP($B60,ANAGRAFICA!$B$1:$G$306,5,FALSE) -> 3272025060 | G60: =VLOOKUP($B60,ANAGRAFICA!$B$1:$G$306,6,FALSE) -> 2025 | H60: 1 | I60: 45825 | J60: 15:47 | K60: 45841 | L60: 11:00 | M60: VA
B61: 2125032902 | C61: =VLOOKUP($B61,ANAGRAFICA!$B$1:$G$306,2,FALSE) -> BRAIDA | D61: =VLOOKUP($B61,ANAGRAFICA!$B$1:$G$306,3,FALSE) -> ILARIO | E61: =VLOOKUP($B61,ANAGRAFICA!$B$1:$G$306,4,FALSE) -> 758-37 | F61: =VLOOKUP($B61,ANAGRAFICA!$B$1:$G$306,5,FALSE) -> 3272025063 | G61: =VLOOKUP($B61,ANAGRAFICA!$B$1:$G$306,6,FALSE) -> 2025 | H61: 1 | I61: 45870 | J61: 07:18 | K61: 45872 | L61: 19:00 | M61: VA | P61: decesso 03/08/2025
B62: 2125032653 | C62: =VLOOKUP($B62,ANAGRAFICA!$B$1:$G$306,2,FALSE) -> BAIOCCO | D62: =VLOOKUP($B62,ANAGRAFICA!$B$1:$G$306,3,FALSE) -> RICCARDO | E62: =VLOOKUP($B62,ANAGRAFICA!$B$1:$G$306,4,FALSE) | F62: =VLOOKUP($B62,ANAGRAFICA!$B$1:$G$306,5,FALSE) -> 3272025064 | G62: =VLOOKUP($B62,ANAGRAFICA!$B$1:$G$306,6,FALSE) -> 2025 | H62: 1 | I62: 45871 | J62: 15:37 | K62: 45875 | M62: VA | P62: trasferito H Niguarda
B63: 2125037782 | C63: =VLOOKUP($B63,ANAGRAFICA!$B$1:$G$306,2,FALSE) -> GILARDI | D63: =VLOOKUP($B63,ANAGRAFICA!$B$1:$G$306,3,FALSE) -> CARLO VIRGINIO | E63: =VLOOKUP($B63,ANAGRAFICA!$B$1:$G$306,4,FALSE) -> 758-38 | F63: =VLOOKUP($B63,ANAGRAFICA!$B$1:$G$306,5,FALSE) -> 3272025065 | G63: =VLOOKUP($B63,ANAGRAFICA!$B$1:$G$306,6,FALSE) -> 2025 | H63: 1 | I63: 45912 | J63: 06:55 | K63: 45914 | L63: 12:30 | M63: VA | P63: decesso 14/09/2025
B64: 2125037955 | C64: =VLOOKUP($B64,ANAGRAFICA!$B$1:$G$306,2,FALSE) -> MANNINO | D64: =VLOOKUP($B64,ANAGRAFICA!$B$1:$G$306,3,FALSE) -> ANDREA | E64: =VLOOKUP($B64,ANAGRAFICA!$B$1:$G$306,4,FALSE) -> 758-39 | F64: =VLOOKUP($B64,ANAGRAFICA!$B$1:$G$306,5,FALSE) -> 3272025066 | G64: =VLOOKUP($B64,ANAGRAFICA!$B$1:$G$306,6,FALSE) -> 2025 | H64: 1 | I64: 45913 | J64: 08:05 | K64: 45917 | L64: 11:00 | M64: VA
B65: 2125040052 | C65: =VLOOKUP($B65,ANAGRAFICA!$B$1:$G$306,2,FALSE) -> TODESCATO | D65: =VLOOKUP($B65,ANAGRAFICA!$B$1:$G$306,3,FALSE) -> GIANLUCA | E65: =VLOOKUP($B65,ANAGRAFICA!$B$1:$G$306,4,FALSE) -> 758-40 | F65: =VLOOKUP($B65,ANAGRAFICA!$B$1:$G$306,5,FALSE) -> 3272025067 | G65: =VLOOKUP($B65,ANAGRAFICA!$B$1:$G$306,6,FALSE) -> 2025 | H65: 1 | I65: 45926 | J65: 20:08 | K65: 45933 | L65: 17:30 | M65: VA
B66: 2125040106 | C66: =VLOOKUP($B66,ANAGRAFICA!$B$1:$G$306,2,FALSE) -> COLNAGHI | D66: =VLOOKUP($B66,ANAGRAFICA!$B$1:$G$306,3,FALSE) -> EUGENIO PIERO | E66: =VLOOKUP($B66,ANAGRAFICA!$B$1:$G$306,4,FALSE) -> 758-41 | F66: =VLOOKUP($B66,ANAGRAFICA!$B$1:$G$306,5,FALSE) -> 3272025068 | G66: =VLOOKUP($B66,ANAGRAFICA!$B$1:$G$306,6,FALSE) -> 2025 | H66: 1 | I66: 45930 | K66: 45939 | L66: 16:43 | M66: VA | P66: decesso 09/10/2025
B67: 2125040835 | C67: =VLOOKUP($B67,ANAGRAFICA!$B$1:$G$306,2,FALSE) -> PESACANE | D67: =VLOOKUP($B67,ANAGRAFICA!$B$1:$G$306,3,FALSE) -> MATTEO VALERIO | E67: =VLOOKUP($B67,ANAGRAFICA!$B$1:$G$306,4,FALSE) -> 758-42 | F67: =VLOOKUP($B67,ANAGRAFICA!$B$1:$G$306,5,FALSE) -> 3272025069 | G67: =VLOOKUP($B67,ANAGRAFICA!$B$1:$G$306,6,FALSE) -> 2025 | H67: 1 | I67: 45931 | J67: 18:33 | K67: 45934 | L67: 09:50 | M67: VA | P67: decesso 04/10/2025
B68: 2125042368 | C68: =VLOOKUP($B68,ANAGRAFICA!$B$1:$G$306,2,FALSE) -> MARKOVIC | D68: =VLOOKUP($B68,ANAGRAFICA!$B$1:$G$306,3,FALSE) -> BRANKO | E68: =VLOOKUP($B68,ANAGRAFICA!$B$1:$G$306,4,FALSE) -> 758-43 | F68: =VLOOKUP($B68,ANAGRAFICA!$B$1:$G$306,5,FALSE) -> 3272025070 | G68: =VLOOKUP($B68,ANAGRAFICA!$B$1:$G$306,6,FALSE) -> 2025 | H68: 1 | I68: 45941 | J68: 2:35 | K68: 45946 | L68: 11:30 | M68: VA
B69: 2125046195 | C69: =VLOOKUP($B69,ANAGRAFICA!$B$1:$G$306,2,FALSE) -> CASILLO | D69: =VLOOKUP($B69,ANAGRAFICA!$B$1:$G$306,3,FALSE) -> SALVATORE | E69: =VLOOKUP($B69,ANAGRAFICA!$B$1:$G$306,4,FALSE) -> 758-44 | F69: =VLOOKUP($B69,ANAGRAFICA!$B$1:$G$306,5,FALSE) -> 3272025071 | G69: =VLOOKUP($B69,ANAGRAFICA!$B$1:$G$306,6,FALSE) -> 2025 | H69: 1 | I69: 45964 | J69: 17:37 | K69: 45967 | L69: 01:00 | M69: VA | P69: decesso 06/11/2025
B70: 2125051424 | C70: =VLOOKUP($B70,ANAGRAFICA!$B$1:$G$306,2,FALSE) -> CASABURI | D70: =VLOOKUP($B70,ANAGRAFICA!$B$1:$G$306,3,FALSE) -> ERRICO | E70: =VLOOKUP($B70,ANAGRAFICA!$B$1:$G$306,4,FALSE) -> 758-45 | F70: =VLOOKUP($B70,ANAGRAFICA!$B$1:$G$306,5,FALSE) -> 3272025072 | G70: =VLOOKUP($B70,ANAGRAFICA!$B$1:$G$306,6,FALSE) -> 2025 | H70: 1 | I70: 45999 | J70: 18:41 | K70: 46003 | L70: 09:30 | M70: VA
B71: 2125052700 | C71: =VLOOKUP($B71,ANAGRAFICA!$B$1:$G$306,2,FALSE) -> GADDA | D71: =VLOOKUP($B71,ANAGRAFICA!$B$1:$G$306,3,FALSE) -> LILIANA | E71: =VLOOKUP($B71,ANAGRAFICA!$B$1:$G$306,4,FALSE) -> 758-46 | F71: =VLOOKUP($B71,ANAGRAFICA!$B$1:$G$306,5,FALSE) -> 3272025073 | G71: =VLOOKUP($B71,ANAGRAFICA!$B$1:$G$306,6,FALSE) -> 2025 | H71: 1 | I71: 46006 | J71: 21:25 | K71: 46009 | L71: 17:00 | M71: VA | P71: decesso 24/122025
B72: 2125053097 | C72: =VLOOKUP($B72,ANAGRAFICA!$B$1:$G$306,2,FALSE) -> LISSONI | D72: =VLOOKUP($B72,ANAGRAFICA!$B$1:$G$306,3,FALSE) -> ALESSANDRA | E72: =VLOOKUP($B72,ANAGRAFICA!$B$1:$G$306,4,FALSE) -> 758-47 | F72: =VLOOKUP($B72,ANAGRAFICA!$B$1:$G$306,5,FALSE) -> 3272025074 | G72: =VLOOKUP($B72,ANAGRAFICA!$B$1:$G$306,6,FALSE) -> 2025 | H72: 1 | I72: 46009 | J72: 13:54 | K72: 46020 | L72: 12:30 | M72: VA
B73: 2125053589 | C73: =VLOOKUP($B73,ANAGRAFICA!$B$1:$G$306,2,FALSE) -> HU | D73: =VLOOKUP($B73,ANAGRAFICA!$B$1:$G$306,3,FALSE) -> LIBEI | E73: =VLOOKUP($B73,ANAGRAFICA!$B$1:$G$306,4,FALSE) -> 758-48 | F73: =VLOOKUP($B73,ANAGRAFICA!$B$1:$G$306,5,FALSE) | G73: =VLOOKUP($B73,ANAGRAFICA!$B$1:$G$306,6,FALSE) -> 2025 | H73: 1 | I73: 46013 | J73: 00:51 | K73: 46018 | L73: 17:00 | M73: VA
B74: 2126005799 | C74: =VLOOKUP($B74,ANAGRAFICA!$B$1:$G$306,2,FALSE) -> MAIORANO | D74: =VLOOKUP($B74,ANAGRAFICA!$B$1:$G$306,3,FALSE) -> IOLANDA MARIA | E74: =VLOOKUP($B74,ANAGRAFICA!$B$1:$G$306,4,FALSE) -> 758-56 | F74: =VLOOKUP($B74,ANAGRAFICA!$B$1:$G$306,5,FALSE) | G74: =VLOOKUP($B74,ANAGRAFICA!$B$1:$G$306,6,FALSE) -> 2026 | H74: 1 | I74: 46063 | J74: 15:12 | K74: 45700 | L74: 14:00 | M74: VA
B75: 2125053750 | C75: =VLOOKUP($B75,ANAGRAFICA!$B$1:$G$306,2,FALSE) -> BERETTA | D75: =VLOOKUP($B75,ANAGRAFICA!$B$1:$G$306,3,FALSE) -> FULVIO | E75: =VLOOKUP($B75,ANAGRAFICA!$B$1:$G$306,4,FALSE) | F75: =VLOOKUP($B75,ANAGRAFICA!$B$1:$G$306,5,FALSE) | G75: =VLOOKUP($B75,ANAGRAFICA!$B$1:$G$306,6,FALSE) -> 2025 | H75: 1 | I75: 46013 | J75: 20:04 | K75: 46014 | L75: 20:03 | M75: VA
B76: 2126002771 | C76: =VLOOKUP($B76,ANAGRAFICA!$B$1:$G$306,2,FALSE) -> LONGOBARDI | D76: =VLOOKUP($B76,ANAGRAFICA!$B$1:$G$306,3,FALSE) -> FRANCESCO | E76: =VLOOKUP($B76,ANAGRAFICA!$B$1:$G$306,4,FALSE) -> 758-52 | F76: =VLOOKUP($B76,ANAGRAFICA!$B$1:$G$306,5,FALSE) | G76: =VLOOKUP($B76,ANAGRAFICA!$B$1:$G$306,6,FALSE) -> 2026 | H76: 1 | I76: 46043 | J76: 17:50 | K76: 46049 | L76: 10:40 | M76: VA | P76: decesso 27/01/2026
B77: 2126001104 | C77: =VLOOKUP($B77,ANAGRAFICA!$B$1:$G$306,2,FALSE) -> LOREGGIA | D77: =VLOOKUP($B77,ANAGRAFICA!$B$1:$G$306,3,FALSE) -> GIAN MARCO | E77: =VLOOKUP($B77,ANAGRAFICA!$B$1:$G$306,4,FALSE) -> 758-51 | F77: =VLOOKUP($B77,ANAGRAFICA!$B$1:$G$306,5,FALSE) | G77: =VLOOKUP($B77,ANAGRAFICA!$B$1:$G$306,6,FALSE) -> 2026 | H77: 1 | I77: 46033 | J77: 19:03 | K77: 46035 | L77: 13:45 | M77: VA
C78: =VLOOKUP($B78,ANAGRAFICA!$B$1:$G$306,2,FALSE) -> #N/A | D78: =VLOOKUP($B78,ANAGRAFICA!$B$1:$G$306,3,FALSE) -> #N/A | E78: =VLOOKUP($B78,ANAGRAFICA!$B$1:$G$306,4,FALSE) -> #N/A | F78: =VLOOKUP($B78,ANAGRAFICA!$B$1:$G$306,5,FALSE) -> #N/A | G78: =VLOOKUP($B78,ANAGRAFICA!$B$1:$G$306,6,FALSE) -> #N/A
C79: =VLOOKUP($B79,ANAGRAFICA!$B$1:$G$306,2,FALSE) -> #N/A | D79: =VLOOKUP($B79,ANAGRAFICA!$B$1:$G$306,3,FALSE) -> #N/A | E79: =VLOOKUP($B79,ANAGRAFICA!$B$1:$G$306,4,FALSE) -> #N/A | F79: =VLOOKUP($B79,ANAGRAFICA!$B$1:$G$306,5,FALSE) -> #N/A | G79: =VLOOKUP($B79,ANAGRAFICA!$B$1:$G$306,6,FALSE) -> #N/A
C80: =VLOOKUP($B80,ANAGRAFICA!$B$1:$G$306,2,FALSE) -> #N/A | D80: =VLOOKUP($B80,ANAGRAFICA!$B$1:$G$306,3,FALSE) -> #N/A | E80: =VLOOKUP($B80,ANAGRAFICA!$B$1:$G$306,4,FALSE) -> #N/A | F80: =VLOOKUP($B80,ANAGRAFICA!$B$1:$G$306,5,FALSE) -> #N/A | G80: =VLOOKUP($B80,ANAGRAFICA!$B$1:$G$306,6,FALSE) -> #N/A
C81: =VLOOKUP($B81,ANAGRAFICA!$B$1:$G$306,2,FALSE) -> #N/A | D81: =VLOOKUP($B81,ANAGRAFICA!$B$1:$G$306,3,FALSE) -> #N/A | E81: =VLOOKUP($B81,ANAGRAFICA!$B$1:$G$306,4,FALSE) -> #N/A | F81: =VLOOKUP($B81,ANAGRAFICA!$B$1:$G$306,5,FALSE) -> #N/A | G81: =VLOOKUP($B81,ANAGRAFICA!$B$1:$G$306,6,FALSE) -> #N/A
C82: =VLOOKUP($B82,ANAGRAFICA!$B$1:$G$306,2,FALSE) -> #N/A | D82: =VLOOKUP($B82,ANAGRAFICA!$B$1:$G$306,3,FALSE) -> #N/A | E82: =VLOOKUP($B82,ANAGRAFICA!$B$1:$G$306,4,FALSE) -> #N/A | F82: =VLOOKUP($B82,ANAGRAFICA!$B$1:$G$306,5,FALSE) -> #N/A | G82: =VLOOKUP($B82,ANAGRAFICA!$B$1:$G$306,6,FALSE) -> #N/A
C83: =VLOOKUP($B83,ANAGRAFICA!$B$1:$G$306,2,FALSE) -> #N/A | D83: =VLOOKUP($B83,ANAGRAFICA!$B$1:$G$306,3,FALSE) -> #N/A | E83: =VLOOKUP($B83,ANAGRAFICA!$B$1:$G$306,4,FALSE) -> #N/A | F83: =VLOOKUP($B83,ANAGRAFICA!$B$1:$G$306,5,FALSE) -> #N/A | G83: =VLOOKUP($B83,ANAGRAFICA!$B$1:$G$306,6,FALSE) -> #N/A
C84: =VLOOKUP($B84,ANAGRAFICA!$B$1:$G$306,2,FALSE) -> #N/A | D84: =VLOOKUP($B84,ANAGRAFICA!$B$1:$G$306,3,FALSE) -> #N/A | E84: =VLOOKUP($B84,ANAGRAFICA!$B$1:$G$306,4,FALSE) -> #N/A | F84: =VLOOKUP($B84,ANAGRAFICA!$B$1:$G$306,5,FALSE) -> #N/A | G84: =VLOOKUP($B84,ANAGRAFICA!$B$1:$G$306,6,FALSE) -> #N/A
C85: =VLOOKUP($B85,ANAGRAFICA!$B$1:$G$306,2,FALSE) -> #N/A | D85: =VLOOKUP($B85,ANAGRAFICA!$B$1:$G$306,3,FALSE) -> #N/A | E85: =VLOOKUP($B85,ANAGRAFICA!$B$1:$G$306,4,FALSE) -> #N/A | F85: =VLOOKUP($B85,ANAGRAFICA!$B$1:$G$306,5,FALSE) -> #N/A | G85: =VLOOKUP($B85,ANAGRAFICA!$B$1:$G$306,6,FALSE) -> #N/A
C86: =VLOOKUP($B86,ANAGRAFICA!$B$1:$G$306,2,FALSE) -> #N/A | D86: =VLOOKUP($B86,ANAGRAFICA!$B$1:$G$306,3,FALSE) -> #N/A | E86: =VLOOKUP($B86,ANAGRAFICA!$B$1:$G$306,4,FALSE) -> #N/A | F86: =VLOOKUP($B86,ANAGRAFICA!$B$1:$G$306,5,FALSE) -> #N/A | G86: =VLOOKUP($B86,ANAGRAFICA!$B$1:$G$306,6,FALSE) -> #N/A
C87: =VLOOKUP($B87,ANAGRAFICA!$B$1:$G$306,2,FALSE) -> #N/A | D87: =VLOOKUP($B87,ANAGRAFICA!$B$1:$G$306,3,FALSE) -> #N/A | E87: =VLOOKUP($B87,ANAGRAFICA!$B$1:$G$306,4,FALSE) -> #N/A | F87: =VLOOKUP($B87,ANAGRAFICA!$B$1:$G$306,5,FALSE) -> #N/A | G87: =VLOOKUP($B87,ANAGRAFICA!$B$1:$G$306,6,FALSE) -> #N/A
C88: =VLOOKUP($B88,ANAGRAFICA!$B$1:$G$306,2,FALSE) -> #N/A | D88: =VLOOKUP($B88,ANAGRAFICA!$B$1:$G$306,3,FALSE) -> #N/A | E88: =VLOOKUP($B88,ANAGRAFICA!$B$1:$G$306,4,FALSE) -> #N/A | F88: =VLOOKUP($B88,ANAGRAFICA!$B$1:$G$306,5,FALSE) -> #N/A | G88: =VLOOKUP($B88,ANAGRAFICA!$B$1:$G$306,6,FALSE) -> #N/A
C89: =VLOOKUP($B89,ANAGRAFICA!$B$1:$G$306,2,FALSE) -> #N/A | D89: =VLOOKUP($B89,ANAGRAFICA!$B$1:$G$306,3,FALSE) -> #N/A | E89: =VLOOKUP($B89,ANAGRAFICA!$B$1:$G$306,4,FALSE) -> #N/A | F89: =VLOOKUP($B89,ANAGRAFICA!$B$1:$G$306,5,FALSE) -> #N/A | G89: =VLOOKUP($B89,ANAGRAFICA!$B$1:$G$306,6,FALSE) -> #N/A
... C300: =VLOOKUP($B300,ANAGRAFICA!$B$1:$G$306,2,FALSE) -> #N/A | D300: =VLOOKUP($B300,ANAGRAFICA!$B$1:$G$306,3,FALSE) -> #N/A | E300: =VLOOKUP($B300,ANAGRAFICA!$B$1:$G$306,4,FALSE) -> #N/A | F300: =VLOOKUP($B300,ANAGRAFICA!$B$1:$G$306,5,FALSE) -> #N/A | G300: =VLOOKUP($B300,ANAGRAFICA!$B$1:$G$306,6,FALSE) -> #N/A

Sheet EQUIPMENT
A1: SDO | B1: COGNOME | C1: NOME | D1: ECMO LENS | E1: ELSO | F1: ANNO | G1: RUN | H1: CIRCUIT N° | I1: START DATE | J1: START TIME | K1: END DATE | L1: END TIME | M1: HEAT EXCHANGER | N1: MEMBRAN LUNG | O1: PUMP | P1: REASON FOR CHANGE
A2: 2124019725 | B2: =VLOOKUP($A2,ANAGRAFICA!$B$1:$G$306,2,FALSE) -> AMIWO | C2: =VLOOKUP($A2,ANAGRAFICA!$B$1:$G$306,3,FALSE) -> REX STEVE | D2: =VLOOKUP($A2,ANAGRAFICA!$B$1:$G$306,4,FALSE) -> 758-18 | E2: =VLOOKUP($A2,ANAGRAFICA!$B$1:$G$306,5,FALSE) -> 3272024084 | F2: =VLOOKUP($A2,ANAGRAFICA!$B$1:$G$306,6,FALSE) -> 2024 | G2: 1 | H2: 1 | I2: 45601 | J2: 07:58 | K2: 45602 | L2: 03:00 | M2: GETINGE HU35 | N2: GETINGE PLS SET | O2: PLS
A3: 2124018690 | B3: =VLOOKUP($A3,ANAGRAFICA!$B$1:$G$306,2,FALSE) -> AVENIDO | C3: =VLOOKUP($A3,ANAGRAFICA!$B$1:$G$306,3,FALSE) -> DELFIN | D3: =VLOOKUP($A3,ANAGRAFICA!$B$1:$G$306,4,FALSE) -> 758-16 | E3: =VLOOKUP($A3,ANAGRAFICA!$B$1:$G$306,5,FALSE) -> 3272024082 | F3: =VLOOKUP($A3,ANAGRAFICA!$B$1:$G$306,6,FALSE) -> 2024 | G3: 1 | H3: 1 | I3: 45585 | J3: 15:33 | K3: 45590 | L3: 15:33 | M3: GETINGE HU35 | N3: GETINGE HLS SET | O3: HLS
A4: 2123023299 | B4: =VLOOKUP($A4,ANAGRAFICA!$B$1:$G$306,2,FALSE) -> BEATRICE | C4: =VLOOKUP($A4,ANAGRAFICA!$B$1:$G$306,3,FALSE) -> GERARDINA | D4: =VLOOKUP($A4,ANAGRAFICA!$B$1:$G$306,4,FALSE) | E4: =VLOOKUP($A4,ANAGRAFICA!$B$1:$G$306,5,FALSE) -> 3272024098 | F4: =VLOOKUP($A4,ANAGRAFICA!$B$1:$G$306,6,FALSE) -> 2024 | G4: 1 | H4: 1 | I4: 45292 | J4: 23:50:00 | K4: 45293 | L4: 07:25:00 | M4: GETINGE HU35 | N4: GETINGE PLS SET | O4: PLS
A5: 2124011236 | B5: =VLOOKUP($A5,ANAGRAFICA!$B$1:$G$306,2,FALSE) -> BERETTA | C5: =VLOOKUP($A5,ANAGRAFICA!$B$1:$G$306,3,FALSE) -> ENZO LUCIANO | D5: =VLOOKUP($A5,ANAGRAFICA!$B$1:$G$306,4,FALSE) -> 758-3 | E5: =VLOOKUP($A5,ANAGRAFICA!$B$1:$G$306,5,FALSE) -> 3272024069 | F5: =VLOOKUP($A5,ANAGRAFICA!$B$1:$G$306,6,FALSE) -> 2024 | G5: 1 | H5: 1 | I5: 45461 | J5: 21:10 | K5: 45474 | L5: 11:30 | M5: GETINGE HU35 | N5: GETINGE PLS SET | O5: PLS
A6: 2124009735 | B6: =VLOOKUP($A6,ANAGRAFICA!$B$1:$G$306,2,FALSE) -> BOSSI | C6: =VLOOKUP($A6,ANAGRAFICA!$B$1:$G$306,3,FALSE) -> LUDOVICO | D6: =VLOOKUP($A6,ANAGRAFICA!$B$1:$G$306,4,FALSE) -> 758-1 | E6: =VLOOKUP($A6,ANAGRAFICA!$B$1:$G$306,5,FALSE) -> 3272024067 | F6: =VLOOKUP($A6,ANAGRAFICA!$B$1:$G$306,6,FALSE) -> 2024 | G6: 1 | H6: 1 | I6: 45435 | J6: 23:32 | K6: 45440 | L6: 16:44 | M6: GETINGE HU35 | N6: GETINGE PLS SET | O6: PLS
A7: 2124018637 | B7: =VLOOKUP($A7,ANAGRAFICA!$B$1:$G$306,2,FALSE) -> CARIBONI | C7: =VLOOKUP($A7,ANAGRAFICA!$B$1:$G$306,3,FALSE) -> LORENZA | D7: =VLOOKUP($A7,ANAGRAFICA!$B$1:$G$306,4,FALSE) -> 758-15 | E7: =VLOOKUP($A7,ANAGRAFICA!$B$1:$G$306,5,FALSE) -> 3272024081 | F7: =VLOOKUP($A7,ANAGRAFICA!$B$1:$G$306,6,FALSE) -> 2024 | G7: 1 | H7: 1 | I7: 45584 | J7: 03:04 | K7: 45585 | L7: 10:50 | M7: GETINGE HU35 | N7: GETINGE PLS SET | O7: PLS
A8: 2124203781 | B8: =VLOOKUP($A8,ANAGRAFICA!$B$1:$G$306,2,FALSE) -> CONCA | C8: =VLOOKUP($A8,ANAGRAFICA!$B$1:$G$306,3,FALSE) -> CAMILLA | D8: =VLOOKUP($A8,ANAGRAFICA!$B$1:$G$306,4,FALSE) | E8: =VLOOKUP($A8,ANAGRAFICA!$B$1:$G$306,5,FALSE) -> 3272024058 | F8: =VLOOKUP($A8,ANAGRAFICA!$B$1:$G$306,6,FALSE) -> 2024 | G8: 1 | H8: 1 | I8: 45351 | J8: 12:50 | K8: 45352 | L8: 12:00 | M8: GETINGE HU35 | N8: GETINGE PLS SET | O8: PLS
A9: 2124206072 | B9: =VLOOKUP($A9,ANAGRAFICA!$B$1:$G$306,2,FALSE) -> CONSONNI | C9: =VLOOKUP($A9,ANAGRAFICA!$B$1:$G$306,3,FALSE) -> GIULIO | D9: =VLOOKUP($A9,ANAGRAFICA!$B$1:$G$306,4,FALSE) | E9: =VLOOKUP($A9,ANAGRAFICA!$B$1:$G$306,5,FALSE) -> 3272024064 | F9: =VLOOKUP($A9,ANAGRAFICA!$B$1:$G$306,6,FALSE) -> 2024 | G9: 1 | H9: 1 | I9: 45409 | J9: 00:07 | K9: 45414 | L9: 11:10 | M9: GETINGE HU35 | N9: GETINGE PLS SET | O9: PLS
A10: 2124206072 | B10: =VLOOKUP($A10,ANAGRAFICA!$B$1:$G$306,2,FALSE) -> CONSONNI | C10: =VLOOKUP($A10,ANAGRAFICA!$B$1:$G$306,3,FALSE) -> GIULIO | D10: =VLOOKUP($A10,ANAGRAFICA!$B$1:$G$306,4,FALSE) | E10: =VLOOKUP($A10,ANAGRAFICA!$B$1:$G$306,5,FALSE) -> 3272024064 | F10: =VLOOKUP($A10,ANAGRAFICA!$B$1:$G$306,6,FALSE) -> 2024 | G10: 2 | H10: 1 | I10: 45414 | J10: 02:15 | K10: 45417 | L10: 13:30 | M10: GETINGE HU35 | N10: GETINGE PLS SET | O10: PLS
A11: 2124211722 | B11: =VLOOKUP($A11,ANAGRAFICA!$B$1:$G$306,2,FALSE) -> CORIO | C11: =VLOOKUP($A11,ANAGRAFICA!$B$1:$G$306,3,FALSE) -> GIOVANNI | D11: =VLOOKUP($A11,ANAGRAFICA!$B$1:$G$306,4,FALSE) -> 758-13 | E11: =VLOOKUP($A11,ANAGRAFICA!$B$1:$G$306,5,FALSE) -> 3272024079 | F11: =VLOOKUP($A11,ANAGRAFICA!$B$1:$G$306,6,FALSE) -> 2024 | G11: 1 | H11: 1 | I11: 45571 | J11: 20:28 | K11: 45576 | L11: 17:00 | M11: GETINGE HU35 | N11: GETINGE PLS SET | O11: PLS
A12: 2124018611 | B12: =VLOOKUP($A12,ANAGRAFICA!$B$1:$G$306,2,FALSE) -> CURTO | C12: =VLOOKUP($A12,ANAGRAFICA!$B$1:$G$306,3,FALSE) -> ROBERTO | D12: =VLOOKUP($A12,ANAGRAFICA!$B$1:$G$306,4,FALSE) | E12: =VLOOKUP($A12,ANAGRAFICA!$B$1:$G$306,5,FALSE) | F12: =VLOOKUP($A12,ANAGRAFICA!$B$1:$G$306,6,FALSE) -> 2024 | H12: 1 | I12: 45583 | J12: 16:46 | K12: 45586 | L12: 13:05
A13: 2124208629 | B13: =VLOOKUP($A13,ANAGRAFICA!$B$1:$G$306,2,FALSE) -> D'ANDREA | C13: =VLOOKUP($A13,ANAGRAFICA!$B$1:$G$306,3,FALSE) -> FERNANDO ANTONIO | D13: =VLOOKUP($A13,ANAGRAFICA!$B$1:$G$306,4,FALSE) -> 758-5 | E13: =VLOOKUP($A13,ANAGRAFICA!$B$1:$G$306,5,FALSE) -> 3272024071 | F13: =VLOOKUP($A13,ANAGRAFICA!$B$1:$G$306,6,FALSE) -> 2024 | G13: 1 | H13: 1 | I13: 45470 | J13: 17:28 | K13: 45475 | L13: 11:30 | M13: GETINGE HU35 | N13: NA | O13: NA
A14: 2124006081 | B14: =VLOOKUP($A14,ANAGRAFICA!$B$1:$G$306,2,FALSE) -> DOSSI | C14: =VLOOKUP($A14,ANAGRAFICA!$B$1:$G$306,3,FALSE) -> MAURIZIO ANTONIO | D14: =VLOOKUP($A14,ANAGRAFICA!$B$1:$G$306,4,FALSE) | E14: =VLOOKUP($A14,ANAGRAFICA!$B$1:$G$306,5,FALSE) -> 3272024062 | F14: =VLOOKUP($A14,ANAGRAFICA!$B$1:$G$306,6,FALSE) -> 2024 | G14: 1 | H14: 1 | I14: 45387 | J14: 22:30 | K14: 45394 | L14: 15:45 | M14: GETINGE HU35 | N14: NA | O14: NA
A15: 2124025195 | B15: =VLOOKUP($A15,ANAGRAFICA!$B$1:$G$306,2,FALSE) -> FAZIO | C15: =VLOOKUP($A15,ANAGRAFICA!$B$1:$G$306,3,FALSE) -> FRANCESCO ANTONIO | D15: =VLOOKUP($A15,ANAGRAFICA!$B$1:$G$306,4,FALSE) -> 758-21 | E15: =VLOOKUP($A15,ANAGRAFICA!$B$1:$G$306,5,FALSE) -> 3272024087 | F15: =VLOOKUP($A15,ANAGRAFICA!$B$1:$G$306,6,FALSE) -> 2024 | H15: 1 | I15: 45631 | J15: 23:59 | K15: 45638 | L15: 16:24 | M15: GETINGE HU35 | N15: NA | O15: NA
A16: 2124208975 | B16: =VLOOKUP($A16,ANAGRAFICA!$B$1:$G$306,2,FALSE) -> FERRARO | C16: =VLOOKUP($A16,ANAGRAFICA!$B$1:$G$306,3,FALSE) -> DANIELE | D16: =VLOOKUP($A16,ANAGRAFICA!$B$1:$G$306,4,FALSE) | E16: =VLOOKUP($A16,ANAGRAFICA!$B$1:$G$306,5,FALSE) | F16: =VLOOKUP($A16,ANAGRAFICA!$B$1:$G$306,6,FALSE) -> 2024 | H16: 1 | I16: 45483 | J16: 12:27 | K16: 45486 | L16: 16:21
A17: 2124011588 | B17: =VLOOKUP($A17,ANAGRAFICA!$B$1:$G$306,2,FALSE) -> FRATINO | C17: =VLOOKUP($A17,ANAGRAFICA!$B$1:$G$306,3,FALSE) -> OLIVIERO | D17: =VLOOKUP($A17,ANAGRAFICA!$B$1:$G$306,4,FALSE) -> 758-4 | E17: =VLOOKUP($A17,ANAGRAFICA!$B$1:$G$306,5,FALSE) -> 3272024070 | F17: =VLOOKUP($A17,ANAGRAFICA!$B$1:$G$306,6,FALSE) -> 2024 | G17: 1 | H17: 1 | I17: 45462 | J17: 21:00 | K17: 45468 | L17: 01:00 | M17: GETINGE HU35 | N17: NA | O17: NA
A18: 2124014461 | B18: =VLOOKUP($A18,ANAGRAFICA!$B$1:$G$306,2,FALSE) -> FUMAGALLI | C18: =VLOOKUP($A18,ANAGRAFICA!$B$1:$G$306,3,FALSE) -> LUCA | D18: =VLOOKUP($A18,ANAGRAFICA!$B$1:$G$306,4,FALSE) -> 758-10 | E18: =VLOOKUP($A18,ANAGRAFICA!$B$1:$G$306,5,FALSE) -> 3272024076 | F18: =VLOOKUP($A18,ANAGRAFICA!$B$1:$G$306,6,FALSE) -> 2024 | G18: 1 | H18: 1 | I18: 45524 | J18: 21:14:00 | K18: 45534 | L18: 15:30 | M18: GETINGE HU35 | N18: GETINGE PLS SET | O18: PLS
A19: 2124008291 | B19: =VLOOKUP($A19,ANAGRAFICA!$B$1:$G$306,2,FALSE) -> FUMAGALLI | C19: =VLOOKUP($A19,ANAGRAFICA!$B$1:$G$306,3,FALSE) -> PIERO | D19: =VLOOKUP($A19,ANAGRAFICA!$B$1:$G$306,4,FALSE) | E19: =VLOOKUP($A19,ANAGRAFICA!$B$1:$G$306,5,FALSE) -> 3272024065 | F19: =VLOOKUP($A19,ANAGRAFICA!$B$1:$G$306,6,FALSE) -> 2024 | G19: 1 | H19: 1 | I19: 45414 | J19: 11:30 | K19: 45416 | L19: 11:05 | M19: GETINGE HU35 | N19: GETINGE PLS SET | O19: PLS
A20: 2124012915 | B20: =VLOOKUP($A20,ANAGRAFICA!$B$1:$G$306,2,FALSE) -> GARGIONI | C20: =VLOOKUP($A20,ANAGRAFICA!$B$1:$G$306,3,FALSE) -> GIULIO | D20: =VLOOKUP($A20,ANAGRAFICA!$B$1:$G$306,4,FALSE) -> 758-6 | E20: =VLOOKUP($A20,ANAGRAFICA!$B$1:$G$306,5,FALSE) -> 3272024072 | F20: =VLOOKUP($A20,ANAGRAFICA!$B$1:$G$306,6,FALSE) -> 2024 | G20: 1 | H20: 1 | I20: 45485 | J20: 20:56 | K20: 45492 | L20: 16:00 | M20: GETINGE HU35 | N20: NA | O20: NA
A21: 2124000241 | B21: =VLOOKUP($A21,ANAGRAFICA!$B$1:$G$306,2,FALSE) -> ISELLA | C21: =VLOOKUP($A21,ANAGRAFICA!$B$1:$G$306,3,FALSE) -> VINCENZO | D21: =VLOOKUP($A21,ANAGRAFICA!$B$1:$G$306,4,FALSE) | E21: =VLOOKUP($A21,ANAGRAFICA!$B$1:$G$306,5,FALSE) -> 3272024052 | F21: =VLOOKUP($A21,ANAGRAFICA!$B$1:$G$306,6,FALSE) -> 2024 | G21: 1 | H21: 1 | I21: 45296 | J21: 11:53 | K21: 45297 | L21: 09:00 | M21: GETINGE HU35 | N21: n/a | O21: n/a
A22: 2124000328 | B22: =VLOOKUP($A22,ANAGRAFICA!$B$1:$G$306,2,FALSE) -> LAVANGA | C22: =VLOOKUP($A22,ANAGRAFICA!$B$1:$G$306,3,FALSE) -> DONATO | D22: =VLOOKUP($A22,ANAGRAFICA!$B$1:$G$306,4,FALSE) | E22: =VLOOKUP($A22,ANAGRAFICA!$B$1:$G$306,5,FALSE) -> 3272024053 | F22: =VLOOKUP($A22,ANAGRAFICA!$B$1:$G$306,6,FALSE) -> 2024 | G22: 1 | H22: 1 | I22: 45298 | J22: 15:35 | K22: 45301 | L22: 00:00 | M22: GETINGE HU35 | N22: n/a | O22: n/a
A23: 2124008603 | B23: =VLOOKUP($A23,ANAGRAFICA!$B$1:$G$306,2,FALSE) -> MARIANI | C23: =VLOOKUP($A23,ANAGRAFICA!$B$1:$G$306,3,FALSE) -> MARCO | D23: =VLOOKUP($A23,ANAGRAFICA!$B$1:$G$306,4,FALSE) | E23: =VLOOKUP($A23,ANAGRAFICA!$B$1:$G$306,5,FALSE) -> 3272024066 | F23: =VLOOKUP($A23,ANAGRAFICA!$B$1:$G$306,6,FALSE) -> 2024 | G23: 1 | H23: 2 | I23: 45425 | J23: 13:28 | K23: 45447 | L23: 15:30 | M23: GETINGE HU35 | N23: GETINGE HLS SET | O23: HLS
A24: 2124023603 | B24: =VLOOKUP($A24,ANAGRAFICA!$B$1:$G$306,2,FALSE) -> MAZZARDIS | C24: =VLOOKUP($A24,ANAGRAFICA!$B$1:$G$306,3,FALSE) -> DAVIDE | D24: =VLOOKUP($A24,ANAGRAFICA!$B$1:$G$306,4,FALSE) -> 758-19 | E24: =VLOOKUP($A24,ANAGRAFICA!$B$1:$G$306,5,FALSE) -> 3272024085 | F24: =VLOOKUP($A24,ANAGRAFICA!$B$1:$G$306,6,FALSE) -> 2024 | G24: 1 | H24: 1 | I24: 45622 | J24: 12:06 | K24: 45627 | L24: 15:30 | M24: GETINGE HU35 | N24: GETINGE HLS SET | O24: HLS
A25: 2124000149 | B25: =VLOOKUP($A25,ANAGRAFICA!$B$1:$G$306,2,FALSE) -> MOTTA | C25: =VLOOKUP($A25,ANAGRAFICA!$B$1:$G$306,3,FALSE) -> FABIO | D25: =VLOOKUP($A25,ANAGRAFICA!$B$1:$G$306,4,FALSE) | E25: =VLOOKUP($A25,ANAGRAFICA!$B$1:$G$306,5,FALSE) -> 3272024051 | F25: =VLOOKUP($A25,ANAGRAFICA!$B$1:$G$306,6,FALSE) -> 2024 | G25: 1 | H25: 1 | I25: 45295 | J25: 15:55:00 | K25: 45299 | L25: 10:30:00 | M25: GETINGE HU35 | N25: GETINGE PLS SET | O25: PLS
A26: 2124003924 | B26: =VLOOKUP($A26,ANAGRAFICA!$B$1:$G$306,2,FALSE) -> MUHAMMAD | C26: =VLOOKUP($A26,ANAGRAFICA!$B$1:$G$306,3,FALSE) -> SHARIF | D26: =VLOOKUP($A26,ANAGRAFICA!$B$1:$G$306,4,FALSE) | E26: =VLOOKUP($A26,ANAGRAFICA!$B$1:$G$306,5,FALSE) -> 3272024059 | F26: =VLOOKUP($A26,ANAGRAFICA!$B$1:$G$306,6,FALSE) -> 2024 | G26: 1 | H26: 1 | I26: 45349 | J26: 11:39 | K26: 45350 | L26: 15:40 | M26: GETINGE HU35 | N26: GETINGE PLS SET | O26: PLS
A27: 2124010700 | B27: =VLOOKUP($A27,ANAGRAFICA!$B$1:$G$306,2,FALSE) -> ORNAGHI | C27: =VLOOKUP($A27,ANAGRAFICA!$B$1:$G$306,3,FALSE) -> LORENZO | D27: =VLOOKUP($A27,ANAGRAFICA!$B$1:$G$306,4,FALSE) -> 758-2 | E27: =VLOOKUP($A27,ANAGRAFICA!$B$1:$G$306,5,FALSE) -> 3272024068 | F27: =VLOOKUP($A27,ANAGRAFICA!$B$1:$G$306,6,FALSE) -> 2024 | G27: 1 | H27: 1 | I27: 45448 | J27: 14:47 | K27: 45450 | L27: 10:15 | M27: GETINGE HU35 | N27: GETINGE PLS SET | O27: PLS
A28: 2124025878 | B28: =VLOOKUP($A28,ANAGRAFICA!$B$1:$G$306,2,FALSE) -> PEDRONI | C28: =VLOOKUP($A28,ANAGRAFICA!$B$1:$G$306,3,FALSE) -> PIERANGELO | D28: =VLOOKUP($A28,ANAGRAFICA!$B$1:$G$306,4,FALSE) -> 758-22 | E28: =VLOOKUP($A28,ANAGRAFICA!$B$1:$G$306,5,FALSE) -> 3272024088 | F28: =VLOOKUP($A28,ANAGRAFICA!$B$1:$G$306,6,FALSE) -> 2024 | H28: 1 | I28: 45636 | J28: 20:10 | K28: 45644 | L28: 11:32 | M28: GETINGE HU35 | N28: GETINGE HLS SET | O28: HLS | P28: Coagulopathy of unknown source
A29: 2124025878 | B29: =VLOOKUP($A29,ANAGRAFICA!$B$1:$G$306,2,FALSE) -> PEDRONI | C29: =VLOOKUP($A29,ANAGRAFICA!$B$1:$G$306,3,FALSE) -> PIERANGELO | D29: =VLOOKUP($A29,ANAGRAFICA!$B$1:$G$306,4,FALSE) -> 758-22 | E29: =VLOOKUP($A29,ANAGRAFICA!$B$1:$G$306,5,FALSE) -> 3272024088 | F29: =VLOOKUP($A29,ANAGRAFICA!$B$1:$G$306,6,FALSE) -> 2024 | H29: 2 | I29: 45644 | J29: 11:33 | K29: 45645 | L29: 16:10 | M29: GETINGE HU35 | N29: GETINGE HLS SET | O29: HLS
A30: 2124014334 | B30: =VLOOKUP($A30,ANAGRAFICA!$B$1:$G$306,2,FALSE) -> PONTIGGIA | C30: =VLOOKUP($A30,ANAGRAFICA!$B$1:$G$306,3,FALSE) -> FLAVIO | D30: =VLOOKUP($A30,ANAGRAFICA!$B$1:$G$306,4,FALSE) -> 758-9 | E30: =VLOOKUP($A30,ANAGRAFICA!$B$1:$G$306,5,FALSE) -> 3272024075 | F30: =VLOOKUP($A30,ANAGRAFICA!$B$1:$G$306,6,FALSE) -> 2024 | G30: 1 | H30: 1 | I30: 45512 | J30: 11:42 | K30: 45574 | L30: 18:55 | M30: GETINGE HU35 | N30: GETINGE PLS SET | O30: PLS
A31: 2124003531 | B31: =VLOOKUP($A31,ANAGRAFICA!$B$1:$G$306,2,FALSE) -> RASPANTI | C31: =VLOOKUP($A31,ANAGRAFICA!$B$1:$G$306,3,FALSE) -> ANDREA | D31: =VLOOKUP($A31,ANAGRAFICA!$B$1:$G$306,4,FALSE) | E31: =VLOOKUP($A31,ANAGRAFICA!$B$1:$G$306,5,FALSE) -> 3272024057 | F31: =VLOOKUP($A31,ANAGRAFICA!$B$1:$G$306,6,FALSE) -> 2024 | G31: 1 | H31: 1 | I31: 45343 | J31: 18:05 | K31: 45351 | L31: 12:00 | M31: GETINGE HU35 | N31: n/a | O31: n/a
A32: 2124024078 | B32: =VLOOKUP($A32,ANAGRAFICA!$B$1:$G$306,2,FALSE) -> ROVARIS | C32: =VLOOKUP($A32,ANAGRAFICA!$B$1:$G$306,3,FALSE) -> ANGELO FELICE | D32: =VLOOKUP($A32,ANAGRAFICA!$B$1:$G$306,4,FALSE) -> 758-20 | E32: =VLOOKUP($A32,ANAGRAFICA!$B$1:$G$306,5,FALSE) -> 3272024086 | F32: =VLOOKUP($A32,ANAGRAFICA!$B$1:$G$306,6,FALSE) -> 2024 | G32: 1 | H32: 1 | I32: 45625 | J32: 19:50 | K32: 45632 | L32: 14:00 | M32: GETINGE HU35 | N32: GETINGE HLS SET | O32: HLS
A33: 2124005780 | B33: =VLOOKUP($A33,ANAGRAFICA!$B$1:$G$306,2,FALSE) -> SAINCIUC | C33: =VLOOKUP($A33,ANAGRAFICA!$B$1:$G$306,3,FALSE) -> AUREL | D33: =VLOOKUP($A33,ANAGRAFICA!$B$1:$G$306,4,FALSE) | E33: =VLOOKUP($A33,ANAGRAFICA!$B$1:$G$306,5,FALSE) -> 3272024061 | F33: =VLOOKUP($A33,ANAGRAFICA!$B$1:$G$306,6,FALSE) -> 2024 | G33: 1 | H33: 1 | I33: 45376 | J33: 03:45 | K33: 45378 | L33: 04:46 | M33: GETINGE HU35 | N33: GETINGE PLS SET | O33: PLS
A34: 2124017757 | B34: =VLOOKUP($A34,ANAGRAFICA!$B$1:$G$306,2,FALSE) -> SALA | C34: =VLOOKUP($A34,ANAGRAFICA!$B$1:$G$306,3,FALSE) -> FELICE | D34: =VLOOKUP($A34,ANAGRAFICA!$B$1:$G$306,4,FALSE) -> 758-14 | E34: =VLOOKUP($A34,ANAGRAFICA!$B$1:$G$306,5,FALSE) -> 3272024080 | F34: =VLOOKUP($A34,ANAGRAFICA!$B$1:$G$306,6,FALSE) -> 2024 | G34: 1 | H34: 1 | I34: 45572 | J34: 08:15 | K34: 45576 | L34: 13:45 | M34: GETINGE HU35 | N34: N/A | O34: N/A
A35: 2124015827 | B35: =VLOOKUP($A35,ANAGRAFICA!$B$1:$G$306,2,FALSE) -> SCHIAVON | C35: =VLOOKUP($A35,ANAGRAFICA!$B$1:$G$306,3,FALSE) -> ELIO PAOLO | D35: =VLOOKUP($A35,ANAGRAFICA!$B$1:$G$306,4,FALSE) -> 758-11 | E35: =VLOOKUP($A35,ANAGRAFICA!$B$1:$G$306,5,FALSE) -> 3272024077 | F35: =VLOOKUP($A35,ANAGRAFICA!$B$1:$G$306,6,FALSE) -> 2024 | G35: 1 | H35: 1 | I35: 45543 | J35: 16:55 | K35: 45547 | L35: 10:00 | M35: GETINGE HU35 | N35: GETINGE PLS SET | O35: PLS
A36: 2124002215 | B36: =VLOOKUP($A36,ANAGRAFICA!$B$1:$G$306,2,FALSE) -> SCHIFANO | C36: =VLOOKUP($A36,ANAGRAFICA!$B$1:$G$306,3,FALSE) -> FRANCESCO | D36: =VLOOKUP($A36,ANAGRAFICA!$B$1:$G$306,4,FALSE) | E36: =VLOOKUP($A36,ANAGRAFICA!$B$1:$G$306,5,FALSE) -> 3272024055 | F36: =VLOOKUP($A36,ANAGRAFICA!$B$1:$G$306,6,FALSE) -> 2024 | G36: 1 | H36: 1 | I36: 191422 | J36: 13:45 | K36: 45329 | L36: 13:00 | M36: GETINGE HU35 | N36: n/a | O36: n/a
A37: 2124019184 | B37: =VLOOKUP($A37,ANAGRAFICA!$B$1:$G$306,2,FALSE) -> SERVIDIO | C37: =VLOOKUP($A37,ANAGRAFICA!$B$1:$G$306,3,FALSE) -> GIOVANNI | D37: =VLOOKUP($A37,ANAGRAFICA!$B$1:$G$306,4,FALSE) -> 758-17 | E37: =VLOOKUP($A37,ANAGRAFICA!$B$1:$G$306,5,FALSE) -> 3272024083 | F37: =VLOOKUP($A37,ANAGRAFICA!$B$1:$G$306,6,FALSE) -> 2024 | G37: 1 | H37: 1 | I37: 45594 | J37: 16:30 | K37: 45607 | L37: 10:30 | M37: GETINGE HU35 | N37: GETINGE PLS SET | O37: PLS
A38: 2124019184 | B38: =VLOOKUP($A38,ANAGRAFICA!$B$1:$G$306,2,FALSE) -> SERVIDIO | C38: =VLOOKUP($A38,ANAGRAFICA!$B$1:$G$306,3,FALSE) -> GIOVANNI | D38: =VLOOKUP($A38,ANAGRAFICA!$B$1:$G$306,4,FALSE) -> 758-17 | E38: =VLOOKUP($A38,ANAGRAFICA!$B$1:$G$306,5,FALSE) -> 3272024083 | F38: =VLOOKUP($A38,ANAGRAFICA!$B$1:$G$306,6,FALSE) -> 2024 | G38: 1 | H38: 2 | I38: 45607 | J38: 10:30 | K38: 45611 | L38: 11:00 | M38: GETINGE HU35 | N38: EUROSETS
A39: 2124013801 | B39: =VLOOKUP($A39,ANAGRAFICA!$B$1:$G$306,2,FALSE) -> SGOBBA | C39: =VLOOKUP($A39,ANAGRAFICA!$B$1:$G$306,3,FALSE) -> ANNA | D39: =VLOOKUP($A39,ANAGRAFICA!$B$1:$G$306,4,FALSE) -> 758-8 | E39: =VLOOKUP($A39,ANAGRAFICA!$B$1:$G$306,5,FALSE) -> 3272024074 | F39: =VLOOKUP($A39,ANAGRAFICA!$B$1:$G$306,6,FALSE) -> 2024 | G39: 1 | H39: 1 | I39: 45511 | J39: 15:30 | K39: 45520 | L39: 18:00 | M39: GETINGE HU35 | N39: GETINGE PLS SET | O39: PLS
A40: 2125000348 | B40: =VLOOKUP($A40,ANAGRAFICA!$B$1:$G$306,2,FALSE) -> SLAVKOVA | C40: =VLOOKUP($A40,ANAGRAFICA!$B$1:$G$306,3,FALSE) -> EVELINA PLAMENOVA | D40: =VLOOKUP($A40,ANAGRAFICA!$B$1:$G$306,4,FALSE) | E40: =VLOOKUP($A40,ANAGRAFICA!$B$1:$G$306,5,FALSE) -> 3272025051 | F40: =VLOOKUP($A40,ANAGRAFICA!$B$1:$G$306,6,FALSE) -> 2025 | H40: 1 | I40: 45662 | J40: 22:35 | K40: 45665 | L40: 3:00 | M40: GETINGE HU35 | N40: GETINGE HLS SET | O40: HLS
A41: 2124012963 | B41: =VLOOKUP($A41,ANAGRAFICA!$B$1:$G$306,2,FALSE) -> TARENZI | C41: =VLOOKUP($A41,ANAGRAFICA!$B$1:$G$306,3,FALSE) -> GIACOMO | D41: =VLOOKUP($A41,ANAGRAFICA!$B$1:$G$306,4,FALSE) -> 758-7 | E41: =VLOOKUP($A41,ANAGRAFICA!$B$1:$G$306,5,FALSE) -> 3272024073 | F41: =VLOOKUP($A41,ANAGRAFICA!$B$1:$G$306,6,FALSE) -> 2024 | G41: 1 | H41: 1 | I41: 45487 | J41: 09:23:00 | K41: 45496 | L41: 11:53:00 | M41: GETINGE HU35 | N41: GETINGE PLS SET | O41: PLS
A42: 2124012963 | B42: =VLOOKUP($A42,ANAGRAFICA!$B$1:$G$306,2,FALSE) -> TARENZI | C42: =VLOOKUP($A42,ANAGRAFICA!$B$1:$G$306,3,FALSE) -> GIACOMO | D42: =VLOOKUP($A42,ANAGRAFICA!$B$1:$G$306,4,FALSE) -> 758-7 | E42: =VLOOKUP($A42,ANAGRAFICA!$B$1:$G$306,5,FALSE) -> 3272024073 | F42: =VLOOKUP($A42,ANAGRAFICA!$B$1:$G$306,6,FALSE) -> 2024 | G42: 1 | H42: 2 | I42: 45487 | J42: 09:23 | K42: 45558 | L42: 12:15 | M42: GETINGE HU35 | N42: N/A | O42: N/A
A43: 2124007138 | B43: =VLOOKUP($A43,ANAGRAFICA!$B$1:$G$306,2,FALSE) -> TARTARELLI | C43: =VLOOKUP($A43,ANAGRAFICA!$B$1:$G$306,3,FALSE) -> GIUSEPPE | D43: =VLOOKUP($A43,ANAGRAFICA!$B$1:$G$306,4,FALSE) | E43: =VLOOKUP($A43,ANAGRAFICA!$B$1:$G$306,5,FALSE) -> 3272024063 | F43: =VLOOKUP($A43,ANAGRAFICA!$B$1:$G$306,6,FALSE) -> 2024 | G43: 1 | H43: 1 | I43: 45395 | J43: 12:05 | K43: 45397 | L43: 21:20 | M43: GETINGE HU35 | N43: GETINGE PLS SET | O43: PLS
A44: 2124001121 | B44: =VLOOKUP($A44,ANAGRAFICA!$B$1:$G$306,2,FALSE) -> TIEGHI | C44: =VLOOKUP($A44,ANAGRAFICA!$B$1:$G$306,3,FALSE) -> MASSIMO | D44: =VLOOKUP($A44,ANAGRAFICA!$B$1:$G$306,4,FALSE) | E44: =VLOOKUP($A44,ANAGRAFICA!$B$1:$G$306,5,FALSE) -> 3272024054 | F44: =VLOOKUP($A44,ANAGRAFICA!$B$1:$G$306,6,FALSE) -> 2024 | G44: 1 | H44: 1 | I44: 45309 | J44: 09:30 | K44: 45310 | L44: 18:00 | M44: GETINGE HU35 | N44: n/a | O44: n/a
A45: 2124004761 | B45: =VLOOKUP($A45,ANAGRAFICA!$B$1:$G$306,2,FALSE) -> TRAMPOLIN | C45: =VLOOKUP($A45,ANAGRAFICA!$B$1:$G$306,3,FALSE) -> FABIO | D45: =VLOOKUP($A45,ANAGRAFICA!$B$1:$G$306,4,FALSE) | E45: =VLOOKUP($A45,ANAGRAFICA!$B$1:$G$306,5,FALSE) -> 3272024060 | F45: =VLOOKUP($A45,ANAGRAFICA!$B$1:$G$306,6,FALSE) -> 2024 | G45: 1 | H45: 1 | I45: 45361 | J45: 10:25 | K45: 45363 | L45: 14:15 | M45: GETINGE HU35 | N45: GETINGE PLS SET | O45: PLS
A46: 2124016781 | B46: =VLOOKUP($A46,ANAGRAFICA!$B$1:$G$306,2,FALSE) -> TURNO ARTHEMALLE | C46: =VLOOKUP($A46,ANAGRAFICA!$B$1:$G$306,3,FALSE) -> ALICE | D46: =VLOOKUP($A46,ANAGRAFICA!$B$1:$G$306,4,FALSE) -> 758-12 | E46: =VLOOKUP($A46,ANAGRAFICA!$B$1:$G$306,5,FALSE) -> 3272024078 | F46: =VLOOKUP($A46,ANAGRAFICA!$B$1:$G$306,6,FALSE) -> 2024 | G46: 1 | H46: 1 | I46: 45561 | J46: 14:00 | M46: GETINGE HU35 | N46: n/a | O46: n/a
A47: 2124202869 | B47: =VLOOKUP($A47,ANAGRAFICA!$B$1:$G$306,2,FALSE) -> VALSECCHI | C47: =VLOOKUP($A47,ANAGRAFICA!$B$1:$G$306,3,FALSE) -> ANDREA | D47: =VLOOKUP($A47,ANAGRAFICA!$B$1:$G$306,4,FALSE) | E47: =VLOOKUP($A47,ANAGRAFICA!$B$1:$G$306,5,FALSE) -> 3272024056 | F47: =VLOOKUP($A47,ANAGRAFICA!$B$1:$G$306,6,FALSE) -> 2024 | G47: 1 | H47: 1 | I47: 45336 | J47: 18:44 | K47: 45342 | L47: 12:00 | M47: GETINGE HU35 | N47: n/a | O47: n/a
A48: 2125004454 | B48: =VLOOKUP($A48,ANAGRAFICA!$B$1:$G$306,2,FALSE) -> ANTIGNANO | C48: =VLOOKUP($A48,ANAGRAFICA!$B$1:$G$306,3,FALSE) -> MAURO | D48: =VLOOKUP($A48,ANAGRAFICA!$B$1:$G$306,4,FALSE) -> 758-23 | E48: =VLOOKUP($A48,ANAGRAFICA!$B$1:$G$306,5,FALSE) -> 3272025052 | F48: =VLOOKUP($A48,ANAGRAFICA!$B$1:$G$306,6,FALSE) -> 2025 | H48: 1 | I48: 45688 | J48: 02:15 | K48: 45688 | L48: 20:18 | M48: GETINGE HU35 | N48: GETINGE HLS SET | O48: HLS
A49: 2125004867 | B49: =VLOOKUP($A49,ANAGRAFICA!$B$1:$G$306,2,FALSE) -> MARCONI | C49: =VLOOKUP($A49,ANAGRAFICA!$B$1:$G$306,3,FALSE) -> PIETRO VITTORIO | D49: =VLOOKUP($A49,ANAGRAFICA!$B$1:$G$306,4,FALSE) | E49: =VLOOKUP($A49,ANAGRAFICA!$B$1:$G$306,5,FALSE) -> 3272025053 | F49: =VLOOKUP($A49,ANAGRAFICA!$B$1:$G$306,6,FALSE) -> 2025 | H49: 1 | I49: 45691 | J49: 11:53 | K49: 45692 | L49: 17:04 | M49: GETINGE HU37 | N49: EUROSETS | O49: EUROSETS
B50: =VLOOKUP($A50,ANAGRAFICA!$B$1:$G$306,2,FALSE) -> #N/A | C50: =VLOOKUP($A50,ANAGRAFICA!$B$1:$G$306,3,FALSE) -> #N/A | D50: =VLOOKUP($A50,ANAGRAFICA!$B$1:$G$306,4,FALSE) -> #N/A | E50: =VLOOKUP($A50,ANAGRAFICA!$B$1:$G$306,5,FALSE) -> #N/A | F50: =VLOOKUP($A50,ANAGRAFICA!$B$1:$G$306,6,FALSE) -> #N/A
B51: =VLOOKUP($A51,ANAGRAFICA!$B$1:$G$306,2,FALSE) -> #N/A | C51: =VLOOKUP($A51,ANAGRAFICA!$B$1:$G$306,3,FALSE) -> #N/A | D51: =VLOOKUP($A51,ANAGRAFICA!$B$1:$G$306,4,FALSE) -> #N/A | E51: =VLOOKUP($A51,ANAGRAFICA!$B$1:$G$306,5,FALSE) -> #N/A | F51: =VLOOKUP($A51,ANAGRAFICA!$B$1:$G$306,6,FALSE) -> #N/A
B52: =VLOOKUP($A52,ANAGRAFICA!$B$1:$G$306,2,FALSE) -> #N/A | C52: =VLOOKUP($A52,ANAGRAFICA!$B$1:$G$306,3,FALSE) -> #N/A | D52: =VLOOKUP($A52,ANAGRAFICA!$B$1:$G$306,4,FALSE) -> #N/A | E52: =VLOOKUP($A52,ANAGRAFICA!$B$1:$G$306,5,FALSE) -> #N/A | F52: =VLOOKUP($A52,ANAGRAFICA!$B$1:$G$306,6,FALSE) -> #N/A
B53: =VLOOKUP($A53,ANAGRAFICA!$B$1:$G$306,2,FALSE) -> #N/A | C53: =VLOOKUP($A53,ANAGRAFICA!$B$1:$G$306,3,FALSE) -> #N/A | D53: =VLOOKUP($A53,ANAGRAFICA!$B$1:$G$306,4,FALSE) -> #N/A | E53: =VLOOKUP($A53,ANAGRAFICA!$B$1:$G$306,5,FALSE) -> #N/A | F53: =VLOOKUP($A53,ANAGRAFICA!$B$1:$G$306,6,FALSE) -> #N/A
B54: =VLOOKUP($A54,ANAGRAFICA!$B$1:$G$306,2,FALSE) -> #N/A | C54: =VLOOKUP($A54,ANAGRAFICA!$B$1:$G$306,3,FALSE) -> #N/A | D54: =VLOOKUP($A54,ANAGRAFICA!$B$1:$G$306,4,FALSE) -> #N/A | E54: =VLOOKUP($A54,ANAGRAFICA!$B$1:$G$306,5,FALSE) -> #N/A | F54: =VLOOKUP($A54,ANAGRAFICA!$B$1:$G$306,6,FALSE) -> #N/A
B55: =VLOOKUP($A55,ANAGRAFICA!$B$1:$G$306,2,FALSE) -> #N/A | C55: =VLOOKUP($A55,ANAGRAFICA!$B$1:$G$306,3,FALSE) -> #N/A | D55: =VLOOKUP($A55,ANAGRAFICA!$B$1:$G$306,4,FALSE) -> #N/A | E55: =VLOOKUP($A55,ANAGRAFICA!$B$1:$G$306,5,FALSE) -> #N/A | F55: =VLOOKUP($A55,ANAGRAFICA!$B$1:$G$306,6,FALSE) -> #N/A
B56: =VLOOKUP($A56,ANAGRAFICA!$B$1:$G$306,2,FALSE) -> #N/A | C56: =VLOOKUP($A56,ANAGRAFICA!$B$1:$G$306,3,FALSE) -> #N/A | D56: =VLOOKUP($A56,ANAGRAFICA!$B$1:$G$306,4,FALSE) -> #N/A | E56: =VLOOKUP($A56,ANAGRAFICA!$B$1:$G$306,5,FALSE) -> #N/A | F56: =VLOOKUP($A56,ANAGRAFICA!$B$1:$G$306,6,FALSE) -> #N/A
B57: =VLOOKUP($A57,ANAGRAFICA!$B$1:$G$306,2,FALSE) -> #N/A | C57: =VLOOKUP($A57,ANAGRAFICA!$B$1:$G$306,3,FALSE) -> #N/A | D57: =VLOOKUP($A57,ANAGRAFICA!$B$1:$G$306,4,FALSE) -> #N/A | E57: =VLOOKUP($A57,ANAGRAFICA!$B$1:$G$306,5,FALSE) -> #N/A | F57: =VLOOKUP($A57,ANAGRAFICA!$B$1:$G$306,6,FALSE) -> #N/A
B58: =VLOOKUP($A58,ANAGRAFICA!$B$1:$G$306,2,FALSE) -> #N/A | C58: =VLOOKUP($A58,ANAGRAFICA!$B$1:$G$306,3,FALSE) -> #N/A | D58: =VLOOKUP($A58,ANAGRAFICA!$B$1:$G$306,4,FALSE) -> #N/A | E58: =VLOOKUP($A58,ANAGRAFICA!$B$1:$G$306,5,FALSE) -> #N/A | F58: =VLOOKUP($A58,ANAGRAFICA!$B$1:$G$306,6,FALSE) -> #N/A
B59: =VLOOKUP($A59,ANAGRAFICA!$B$1:$G$306,2,FALSE) -> #N/A | C59: =VLOOKUP($A59,ANAGRAFICA!$B$1:$G$306,3,FALSE) -> #N/A | D59: =VLOOKUP($A59,ANAGRAFICA!$B$1:$G$306,4,FALSE) -> #N/A | E59: =VLOOKUP($A59,ANAGRAFICA!$B$1:$G$306,5,FALSE) -> #N/A | F59: =VLOOKUP($A59,ANAGRAFICA!$B$1:$G$306,6,FALSE) -> #N/A
B60: =VLOOKUP($A60,ANAGRAFICA!$B$1:$G$306,2,FALSE) -> #N/A | C60: =VLOOKUP($A60,ANAGRAFICA!$B$1:$G$306,3,FALSE) -> #N/A | D60: =VLOOKUP($A60,ANAGRAFICA!$B$1:$G$306,4,FALSE) -> #N/A | E60: =VLOOKUP($A60,ANAGRAFICA!$B$1:$G$306,5,FALSE) -> #N/A | F60: =VLOOKUP($A60,ANAGRAFICA!$B$1:$G$306,6,FALSE) -> #N/A
B61: =VLOOKUP($A61,ANAGRAFICA!$B$1:$G$306,2,FALSE) -> #N/A | C61: =VLOOKUP($A61,ANAGRAFICA!$B$1:$G$306,3,FALSE) -> #N/A | D61: =VLOOKUP($A61,ANAGRAFICA!$B$1:$G$306,4,FALSE) -> #N/A | E61: =VLOOKUP($A61,ANAGRAFICA!$B$1:$G$306,5,FALSE) -> #N/A | F61: =VLOOKUP($A61,ANAGRAFICA!$B$1:$G$306,6,FALSE) -> #N/A
... B299: =VLOOKUP($A299,ANAGRAFICA!$B$1:$G$306,2,FALSE) -> #N/A | C299: =VLOOKUP($A299,ANAGRAFICA!$B$1:$G$306,3,FALSE) -> #N/A | D299: =VLOOKUP($A299,ANAGRAFICA!$B$1:$G$306,4,FALSE) -> #N/A | E299: =VLOOKUP($A299,ANAGRAFICA!$B$1:$G$306,5,FALSE) -> #N/A | F299: =VLOOKUP($A299,ANAGRAFICA!$B$1:$G$306,6,FALSE) -> #N/A
A300: 2025010247 | B300: =VLOOKUP($A300,ANAGRAFICA!$B$1:$G$306,2,FALSE) -> TREMOLADA | C300: =VLOOKUP($A300,ANAGRAFICA!$B$1:$G$306,3,FALSE) -> MARCO | D300: =VLOOKUP($A300,ANAGRAFICA!$B$1:$G$306,4,FALSE) -> 758-25 | E300: =VLOOKUP($A300,ANAGRAFICA!$B$1:$G$306,5,FALSE) -> 3272025054 | F300: =VLOOKUP($A300,ANAGRAFICA!$B$1:$G$306,6,FALSE) -> 2025 | H300: 1 | I300: 45720 | J300: 15:40 | K300: 45728 | L300: 11:00 | M300: GETINGE HU37 | N300: PLS | O300: PLS
A301: 2025010247 | B301: =VLOOKUP($A301,ANAGRAFICA!$B$1:$G$306,2,FALSE) -> TREMOLADA | C301: =VLOOKUP($A301,ANAGRAFICA!$B$1:$G$306,3,FALSE) -> MARCO | D301: =VLOOKUP($A301,ANAGRAFICA!$B$1:$G$306,4,FALSE) -> 758-25 | E301: =VLOOKUP($A301,ANAGRAFICA!$B$1:$G$306,5,FALSE) -> 3272025054 | F301: =VLOOKUP($A301,ANAGRAFICA!$B$1:$G$306,6,FALSE) -> 2025 | H301: 2 | I301: 45732 | J301: 18:10 | K301: 45812 | L301: 22:00 | M301: GETINGE HU35 | N301: GETINGE HLS SET | O301: HLS
A302: 2025010247 | H302: 3 | I302: 45748 | J302: 11:50 | K302: 45762 | L302: 11:00
A303: 2025010247 | H303: 4 | I303: 45762 | J303: 0.45833333 | K303: 45777 | L303: 12:50
A304: 2025010247 | H304: 5 | I304: 45777 | J304: 12:50 | K304: 45784 | L304: 16:30
A305: 2025010247 | H305: 6 | I305: 45784 | J305: 16:30 | K305: 45794 | L305: 11:01
A306: 2025010247 | H306: 7 | I306: 45794 | J306: 11:01 | K306: 45800 | L306: 17:30
A307: 2025010247 | H307: 8 | I307: 45800 | J307: 17:30 | K307: 45812 | L307: 17:00
A308: 2025010247 | H308: 9 | I308: 45812 | J308: 17:00 | P308: trasferito in ECMO c/o Pavia
A309: 2125020858 | B309: FALVO | C309: FRANCESCO | F309: 2025 | H309: 1 | I309: 45787 | J309: 03:49 | K309: 45788 | L309: 06:24 | M309: GETINGE HU35 | N309: GETINGE HLS SET | O309: HLS
A310: 2125023093 | B310: GHEZZI | C310: FABIO | F310: 2025 | H310: 1 | I310: 45800 | J310: 8:18 | K310: 45802 | L310: 11:27 | N310: COLIBRI' EUROSETS
A311: 2125024608 | B311: ZAPPIA | C311: LEONARDO | E311: 3272025057 | F311: 2025 | H311: 1 | I311: 45811 | J311: 11:32 | K311: 45815 | L311: 13:07 | M311: GETINGE HU35 | O311: PLS
A312: 2125024565 | B312: POLICARPO | C312: FRANCESCO | F312: 2025 | H312: 1 | I312: 45813 | J312: 20:00 | K312: 45814 | L312: 17:45
A313: 2125025861 | B313: CASSANI | C313: DAVIDE VIRGILIO | E313: 3272025058 | F313: 2025 | H313: 1 | I313: 45818 | J313: 15:50 | K313: 45824 | L313: 12:30
A314: 2125026559 | B314: VEDUTI | C314: LORENZO | D314: 758-32 | E314: 3272025059 | F314: 2025 | H314: 1 | I314: 45824 | J314: 01:30 | K314: 45825 | L314: 12:25 | O314: HLS
A315: 2125027331 | B315: QUARIN | C315: FRANCO | F315: 2025 | H315: 1 | I315: 45828 | J315: 02:20 | K315: 45828 | L315: 17:45
A316: 2125029623 | B316: IANDIORIO | C316: ALDO NATALINO | D316: 758-36 | E316: 3272025062 | F316: 2025 | H316: 1 | I316: 45845 | J316: 15:30 | K316: 45855 | L316: 1:39 | M316: Getinge HU36,5
A317: 2125026384 | B317: PRINCIPATO | C317: FRANCO ANGELO | D317: 758-35 | E317: 3272025061 | F317: 2025 | H317: 1 | I317: 45832 | J317: 0.97916667 | K317: 45837 | L317: 14:00
A318: 2125026869 | B318: NACCARI | C318: ROBRTO | D318: 758-33 | E318: 3272025060 | F318: 2025 | H318: 1 | I318: 45825 | J318: 15:47 | K318: 45841 | L318: 11:00
A319: 2125032902 | B319: BRAIDA | C319: ILARIO | D319: 758-37 | E319: 3272025063 | F319: 2025 | H319: 1 | I319: 45870 | J319: 07:18 | K319: 45872 | L319: 19:00
A320: 2125032653 | B320: BAIOCCO | C320: RICCARDO | E320: 3272025064 | F320: 2025 | H320: 1 | I320: 45871 | J320: 15:37 | K320: 45875
A321: 2125037782 | B321: GILARDI | C321: CARLO VIRGINIO | E321: 3272025065 | F321: 2025 | H321: 1 | I321: 45912 | J321: 06:55 | K321: 45883 | L321: 12:30
A322: 2125037955 | B322: MANNINO | C322: ANDREA | D322: 758-39 | E322: 3272025066 | F322: 2025 | H322: 1 | I322: 45913 | J322: 08:05 | K322: 45915 | L322: 10:00 | N322: GETINGE PLS | P322: flotting clot
A323: 2125040106 | B323: COLNAGHI | C323: EUGENIO PIERO | D323: 758-41 | E323: 3272025068 | F323: 2025 | H323: 1 | I323: 45930 | K323: 45939 | L323: 16:45
A324: 2125040052 | B324: TODESCATO | C324: GIANLUCA | D324: 758-40 | E324: 3272025067 | F324: 2025 | H324: 1 | I324: 45926 | J324: 20:08 | K324: 45933 | L324: 16:40
A325: 2125040835 | B325: PESACANE | C325: MATTEO VALERIO | D325: 758-42 | F325: 2025 | H325: 1 | I325: 45931 | J325: 17:33 | K325: 45934 | L325: 09:50
A326: 2125042368 | B326: MARKOVICH | C326: BRANKO | D326: 758-43 | E326: 3272025070 | F326: 2025 | G326: 1 | H326: 1 | I326: 45941 | J326: 2:35 | K326: 45946 | L326: 11:30 | N326: GETINGE PLS
A327: 2125046195 | B327: CASILLO | C327: SALVATORE | D327: 758-44 | E327: 3272025071 | F327: 2025 | H327: 1 | I327: 45964 | J327: 17:37 | K327: 45967 | L327: 01:00 | N327: GETINGE PLS
A328: 2125051424 | B328: CASABURI | C328: ERRICO | D328: 758-45 | E328: 3272025072 | F328: 2025 | H328: 1 | I328: 45999 | J328: 18:41 | K328: 46003 | L328: 09:30
A329: 2125052700 | B329: GADDA | C329: LILIANA | D329: 758-46 | E329: 3272025073 | F329: 2025 | H329: 1 | I329: 46006 | J329: 21:25 | K329: 46009 | L329: 17:00
A330: 2125053097 | B330: LISSONI | C330: ALESSANDRA | E330: 3272025074 | F330: 2025 | H330: 1 | I330: 46009 | J330: 13:54 | K330: 46020 | L330: 12:30 | N330: GETINGE PLS
A331: 2125053589 | B331: HU | C331: LIBEI | F331: 2025 | H331: 1 | I331: 46013 | J331: 00:51 | K331: 46018 | L331: 17:00
A332: 2126005799 | B332: MAIORANO | C332: IOLANDA MARIA | F332: 2026 | H332: 1 | I332: 46063 | J332: 15:12 | K332: 45700 | L332: 14:00
A333: 2125053750 | B333: BERETTA | C333: FULVIO | F333: 2025 | H333: 1 | I333: 46013 | J333: 20:04 | K333: 46014 | L333: 20:03
A335: 2126002771 | B335: LONGOBARDI | C335: FRANCESCO | D335: 758-52 | F335: 2026 | H335: 1 | I335: 46043 | J335: 17:50 | K335: 46049 | L335: 10:40 | O335: HLS

Sheet DIAGNOSI
A1: SDO | B1: COGNOME | C1: NOME | D1: ECMO LENS | E1: ELSO | F1: ANNO | G1: RUN | H1: DIAGNOSI PRINCIPALE | I1: DIAGNOSI 2 | J1: DIAGNOSI 3 | K1: DIAGNOSI 4 | L1: AIM
A2: 2124012963 | B2: =VLOOKUP($A2,ANAGRAFICA!$B$1:$G$306,2,FALSE) -> TARENZI | C2: =VLOOKUP($A2,ANAGRAFICA!$B$1:$G$306,3,FALSE) -> GIACOMO | D2: =VLOOKUP($A2,ANAGRAFICA!$B$1:$G$306,4,FALSE) -> 758-7 | E2: =VLOOKUP($A2,ANAGRAFICA!$B$1:$G$306,5,FALSE) -> 3272024073 | F2: =VLOOKUP($A2,ANAGRAFICA!$B$1:$G$306,6,FALSE) -> 2024 | G2: 1 | H2: I46.9 Arresto cardiaco non specificato | I2: I26.0 Embolia polmonare con menzione di cuore polmonare acuto | L2: ECPR
A3: 2124019725 | B3: =VLOOKUP($A3,ANAGRAFICA!$B$1:$G$306,2,FALSE) -> AMIWO | C3: =VLOOKUP($A3,ANAGRAFICA!$B$1:$G$306,3,FALSE) -> REX STEVE | D3: =VLOOKUP($A3,ANAGRAFICA!$B$1:$G$306,4,FALSE) -> 758-18 | E3: =VLOOKUP($A3,ANAGRAFICA!$B$1:$G$306,5,FALSE) -> 3272024084 | F3: =VLOOKUP($A3,ANAGRAFICA!$B$1:$G$306,6,FALSE) -> 2024 | G3: 1 | H3: R57.0 Shock cardiogeno | I3: R57.8 Altre forme di shock | L3: CARDIAC
A4: 2123023299 | B4: =VLOOKUP($A4,ANAGRAFICA!$B$1:$G$306,2,FALSE) -> BEATRICE | C4: =VLOOKUP($A4,ANAGRAFICA!$B$1:$G$306,3,FALSE) -> GERARDINA | D4: =VLOOKUP($A4,ANAGRAFICA!$B$1:$G$306,4,FALSE) | E4: =VLOOKUP($A4,ANAGRAFICA!$B$1:$G$306,5,FALSE) -> 3272024098 | F4: =VLOOKUP($A4,ANAGRAFICA!$B$1:$G$306,6,FALSE) -> 2024 | G4: 1 | H4: I46.9 Arresto cardiaco non specificato | I4: R57.0 Shock cardiogeno | J4: R57.8 Altre forme di shock | L4: ECPR
A5: 2124011236 | B5: =VLOOKUP($A5,ANAGRAFICA!$B$1:$G$306,2,FALSE) -> BERETTA | C5: =VLOOKUP($A5,ANAGRAFICA!$B$1:$G$306,3,FALSE) -> ENZO LUCIANO | D5: =VLOOKUP($A5,ANAGRAFICA!$B$1:$G$306,4,FALSE) -> 758-3 | E5: =VLOOKUP($A5,ANAGRAFICA!$B$1:$G$306,5,FALSE) -> 3272024069 | F5: =VLOOKUP($A5,ANAGRAFICA!$B$1:$G$306,6,FALSE) -> 2024 | G5: 1 | H5: I46.0 Arresto cardiaco con efficace rianimazione | L5: CARDIAC
A6: 2124000241 | B6: =VLOOKUP($A6,ANAGRAFICA!$B$1:$G$306,2,FALSE) -> ISELLA | C6: =VLOOKUP($A6,ANAGRAFICA!$B$1:$G$306,3,FALSE) -> VINCENZO | D6: =VLOOKUP($A6,ANAGRAFICA!$B$1:$G$306,4,FALSE) | E6: =VLOOKUP($A6,ANAGRAFICA!$B$1:$G$306,5,FALSE) -> 3272024052 | F6: =VLOOKUP($A6,ANAGRAFICA!$B$1:$G$306,6,FALSE) -> 2024 | G6: 1 | H6: I46.9 Arresto cardiaco non specificato | I6: R57.0 Shock cardiogeno | L6: ECPR
A7: 2124000328 | B7: =VLOOKUP($A7,ANAGRAFICA!$B$1:$G$306,2,FALSE) -> LAVANGA | C7: =VLOOKUP($A7,ANAGRAFICA!$B$1:$G$306,3,FALSE) -> DONATO | D7: =VLOOKUP($A7,ANAGRAFICA!$B$1:$G$306,4,FALSE) | E7: =VLOOKUP($A7,ANAGRAFICA!$B$1:$G$306,5,FALSE) -> 3272024053 | F7: =VLOOKUP($A7,ANAGRAFICA!$B$1:$G$306,6,FALSE) -> 2024 | G7: 1 | H7: I46.9 Arresto cardiaco non specificato | I7: I51.9 Cardiopatia non specificata | L7: ECPR
A8: 2124001121 | B8: =VLOOKUP($A8,ANAGRAFICA!$B$1:$G$306,2,FALSE) -> TIEGHI | C8: =VLOOKUP($A8,ANAGRAFICA!$B$1:$G$306,3,FALSE) -> MASSIMO | D8: =VLOOKUP($A8,ANAGRAFICA!$B$1:$G$306,4,FALSE) | E8: =VLOOKUP($A8,ANAGRAFICA!$B$1:$G$306,5,FALSE) -> 3272024054 | F8: =VLOOKUP($A8,ANAGRAFICA!$B$1:$G$306,6,FALSE) -> 2024 | G8: 1 | H8: I21.0 Infarto miocardico acuto transmurale della parete anteriore | I8: I46.9 Arresto cardiaco non specificato | L8: ECPR
A9: 2124203781 | B9: =VLOOKUP($A9,ANAGRAFICA!$B$1:$G$306,2,FALSE) -> CONCA | C9: =VLOOKUP($A9,ANAGRAFICA!$B$1:$G$306,3,FALSE) -> CAMILLA | D9: =VLOOKUP($A9,ANAGRAFICA!$B$1:$G$306,4,FALSE) | E9: =VLOOKUP($A9,ANAGRAFICA!$B$1:$G$306,5,FALSE) -> 3272024058 | F9: =VLOOKUP($A9,ANAGRAFICA!$B$1:$G$306,6,FALSE) -> 2024 | G9: 1 | H9: Dissection of thoracic aorta,"I71.01" | I9: R57.0 Shock cardiogeno | L9: CARDIAC
A10: 2124206072 | B10: =VLOOKUP($A10,ANAGRAFICA!$B$1:$G$306,2,FALSE) -> CONSONNI | C10: =VLOOKUP($A10,ANAGRAFICA!$B$1:$G$306,3,FALSE) -> GIULIO | D10: =VLOOKUP($A10,ANAGRAFICA!$B$1:$G$306,4,FALSE) | E10: =VLOOKUP($A10,ANAGRAFICA!$B$1:$G$306,5,FALSE) -> 3272024064 | F10: =VLOOKUP($A10,ANAGRAFICA!$B$1:$G$306,6,FALSE) -> 2024 | G10: 1 | H10: R57.0 Shock cardiogeno | I10: Dissection of thoracic aorta,"I71.01" | J10: I46.0 Arresto cardiaco con efficace rianimazione | L10: CARDIAC
A11: 2124202869 | B11: =VLOOKUP($A11,ANAGRAFICA!$B$1:$G$306,2,FALSE) -> VALSECCHI | C11: =VLOOKUP($A11,ANAGRAFICA!$B$1:$G$306,3,FALSE) -> ANDREA | D11: =VLOOKUP($A11,ANAGRAFICA!$B$1:$G$306,4,FALSE) | E11: =VLOOKUP($A11,ANAGRAFICA!$B$1:$G$306,5,FALSE) -> 3272024056 | F11: =VLOOKUP($A11,ANAGRAFICA!$B$1:$G$306,6,FALSE) -> 2024 | G11: 1 | H11: I21.2 Infarto miocardico acuto transmurale di altre sedi | I11: R57.0 Shock cardiogeno | J11: I46.9 Arresto cardiaco non specificato | L11: ECPR
A12: 2124206072 | B12: =VLOOKUP($A12,ANAGRAFICA!$B$1:$G$306,2,FALSE) -> CONSONNI | C12: =VLOOKUP($A12,ANAGRAFICA!$B$1:$G$306,3,FALSE) -> GIULIO | D12: =VLOOKUP($A12,ANAGRAFICA!$B$1:$G$306,4,FALSE) | E12: =VLOOKUP($A12,ANAGRAFICA!$B$1:$G$306,5,FALSE) -> 3272024064 | F12: =VLOOKUP($A12,ANAGRAFICA!$B$1:$G$306,6,FALSE) -> 2024 | G12: 2 | H12: I44.2 Blocco atrioventricolare completo | L12: CARDIAC
A13: 2124211722 | B13: =VLOOKUP($A13,ANAGRAFICA!$B$1:$G$306,2,FALSE) -> CORIO | C13: =VLOOKUP($A13,ANAGRAFICA!$B$1:$G$306,3,FALSE) -> GIOVANNI | D13: =VLOOKUP($A13,ANAGRAFICA!$B$1:$G$306,4,FALSE) -> 758-13 | E13: =VLOOKUP($A13,ANAGRAFICA!$B$1:$G$306,5,FALSE) -> 3272024079 | F13: =VLOOKUP($A13,ANAGRAFICA!$B$1:$G$306,6,FALSE) -> 2024 | G13: 1 | H13: I21.0 Infarto miocardico acuto transmurale della parete anteriore | I13: R57.0 Shock cardiogeno | L13: CARDIAC
A14: 2124018611 | B14: =VLOOKUP($A14,ANAGRAFICA!$B$1:$G$306,2,FALSE) -> CURTO | C14: =VLOOKUP($A14,ANAGRAFICA!$B$1:$G$306,3,FALSE) -> ROBERTO | D14: =VLOOKUP($A14,ANAGRAFICA!$B$1:$G$306,4,FALSE) | E14: =VLOOKUP($A14,ANAGRAFICA!$B$1:$G$306,5,FALSE) | F14: =VLOOKUP($A14,ANAGRAFICA!$B$1:$G$306,6,FALSE) -> 2024 | G14: 1 | H14: R57.0 Shock cardiogeno | L14: CARDIAC
A15: 2124018690 | B15: =VLOOKUP($A15,ANAGRAFICA!$B$1:$G$306,2,FALSE) -> AVENIDO | C15: =VLOOKUP($A15,ANAGRAFICA!$B$1:$G$306,3,FALSE) -> DELFIN | D15: =VLOOKUP($A15,ANAGRAFICA!$B$1:$G$306,4,FALSE) -> 758-16 | E15: =VLOOKUP($A15,ANAGRAFICA!$B$1:$G$306,5,FALSE) -> 3272024082 | F15: =VLOOKUP($A15,ANAGRAFICA!$B$1:$G$306,6,FALSE) -> 2024 | G15: 1 | H15: I46.0 Arresto cardiaco con efficace rianimazione | L15: ECPR
A16: 2124018637 | B16: =VLOOKUP($A16,ANAGRAFICA!$B$1:$G$306,2,FALSE) -> CARIBONI | C16: =VLOOKUP($A16,ANAGRAFICA!$B$1:$G$306,3,FALSE) -> LORENZA | D16: =VLOOKUP($A16,ANAGRAFICA!$B$1:$G$306,4,FALSE) -> 758-15 | E16: =VLOOKUP($A16,ANAGRAFICA!$B$1:$G$306,5,FALSE) -> 3272024081 | F16: =VLOOKUP($A16,ANAGRAFICA!$B$1:$G$306,6,FALSE) -> 2024 | G16: 1 | H16: I46.0 Arresto cardiaco con efficace rianimazione | I16: I21.0 Infarto miocardico acuto transmurale della parete anteriore | J16: R57.0 Shock cardiogeno | L16: ECPR
A17: 2124006081 | B17: =VLOOKUP($A17,ANAGRAFICA!$B$1:$G$306,2,FALSE) -> DOSSI | C17: =VLOOKUP($A17,ANAGRAFICA!$B$1:$G$306,3,FALSE) -> MAURIZIO ANTONIO | D17: =VLOOKUP($A17,ANAGRAFICA!$B$1:$G$306,4,FALSE) | E17: =VLOOKUP($A17,ANAGRAFICA!$B$1:$G$306,5,FALSE) -> 3272024062 | F17: =VLOOKUP($A17,ANAGRAFICA!$B$1:$G$306,6,FALSE) -> 2024 | G17: 1 | H17: R57.0 Shock cardiogeno | L17: CARDIAC
A18: 2124025195 | B18: =VLOOKUP($A18,ANAGRAFICA!$B$1:$G$306,2,FALSE) -> FAZIO | C18: =VLOOKUP($A18,ANAGRAFICA!$B$1:$G$306,3,FALSE) -> FRANCESCO ANTONIO | D18: =VLOOKUP($A18,ANAGRAFICA!$B$1:$G$306,4,FALSE) -> 758-21 | E18: =VLOOKUP($A18,ANAGRAFICA!$B$1:$G$306,5,FALSE) -> 3272024087 | F18: =VLOOKUP($A18,ANAGRAFICA!$B$1:$G$306,6,FALSE) -> 2024 | G18: 1 | H18: I46.0 Arresto cardiaco con efficace rianimazione | I18: I21.0 Infarto miocardico acuto transmurale della parete anteriore | L18: ECPR
A19: 2124208975 | B19: =VLOOKUP($A19,ANAGRAFICA!$B$1:$G$306,2,FALSE) -> FERRARO | C19: =VLOOKUP($A19,ANAGRAFICA!$B$1:$G$306,3,FALSE) -> DANIELE | D19: =VLOOKUP($A19,ANAGRAFICA!$B$1:$G$306,4,FALSE) | E19: =VLOOKUP($A19,ANAGRAFICA!$B$1:$G$306,5,FALSE) | F19: =VLOOKUP($A19,ANAGRAFICA!$B$1:$G$306,6,FALSE) -> 2024 | G19: 1 | H19: Dissection of thoracic aorta,"I71.01" | I19: R57.0 Shock cardiogeno | L19: CARDIAC
A20: 2124014334 | B20: =VLOOKUP($A20,ANAGRAFICA!$B$1:$G$306,2,FALSE) -> PONTIGGIA | C20: =VLOOKUP($A20,ANAGRAFICA!$B$1:$G$306,3,FALSE) -> FLAVIO | D20: =VLOOKUP($A20,ANAGRAFICA!$B$1:$G$306,4,FALSE) -> 758-9 | E20: =VLOOKUP($A20,ANAGRAFICA!$B$1:$G$306,5,FALSE) -> 3272024075 | F20: =VLOOKUP($A20,ANAGRAFICA!$B$1:$G$306,6,FALSE) -> 2024 | G20: 1 | H20: I46.0 Arresto cardiaco con efficace rianimazione | L20: ECPR
A21: 2124011588 | B21: =VLOOKUP($A21,ANAGRAFICA!$B$1:$G$306,2,FALSE) -> FRATINO | C21: =VLOOKUP($A21,ANAGRAFICA!$B$1:$G$306,3,FALSE) -> OLIVIERO | D21: =VLOOKUP($A21,ANAGRAFICA!$B$1:$G$306,4,FALSE) -> 758-4 | E21: =VLOOKUP($A21,ANAGRAFICA!$B$1:$G$306,5,FALSE) -> 3272024070 | F21: =VLOOKUP($A21,ANAGRAFICA!$B$1:$G$306,6,FALSE) -> 2024 | G21: 1 | H21: I21.0 Infarto miocardico acuto transmurale della parete anteriore | I21: R57.0 Shock cardiogeno | L21: CARDIAC
A22: 2124012915 | B22: =VLOOKUP($A22,ANAGRAFICA!$B$1:$G$306,2,FALSE) -> GARGIONI | C22: =VLOOKUP($A22,ANAGRAFICA!$B$1:$G$306,3,FALSE) -> GIULIO | D22: =VLOOKUP($A22,ANAGRAFICA!$B$1:$G$306,4,FALSE) -> 758-6 | E22: =VLOOKUP($A22,ANAGRAFICA!$B$1:$G$306,5,FALSE) -> 3272024072 | F22: =VLOOKUP($A22,ANAGRAFICA!$B$1:$G$306,6,FALSE) -> 2024 | G22: 1 | H22: I46.0 Arresto cardiaco con efficace rianimazione | I22: I21.0 Infarto miocardico acuto transmurale della parete anteriore | L22: ECPR
A23: 2124208629 | B23: =VLOOKUP($A23,ANAGRAFICA!$B$1:$G$306,2,FALSE) -> D'ANDREA | C23: =VLOOKUP($A23,ANAGRAFICA!$B$1:$G$306,3,FALSE) -> FERNANDO ANTONIO | D23: =VLOOKUP($A23,ANAGRAFICA!$B$1:$G$306,4,FALSE) -> 758-5 | E23: =VLOOKUP($A23,ANAGRAFICA!$B$1:$G$306,5,FALSE) -> 3272024071 | F23: =VLOOKUP($A23,ANAGRAFICA!$B$1:$G$306,6,FALSE) -> 2024 | G23: 1 | H23: I46.0 Arresto cardiaco con efficace rianimazione | L23: ECPR
A24: 2124014461 | B24: =VLOOKUP($A24,ANAGRAFICA!$B$1:$G$306,2,FALSE) -> FUMAGALLI | C24: =VLOOKUP($A24,ANAGRAFICA!$B$1:$G$306,3,FALSE) -> LUCA | D24: =VLOOKUP($A24,ANAGRAFICA!$B$1:$G$306,4,FALSE) -> 758-10 | E24: =VLOOKUP($A24,ANAGRAFICA!$B$1:$G$306,5,FALSE) -> 3272024076 | F24: =VLOOKUP($A24,ANAGRAFICA!$B$1:$G$306,6,FALSE) -> 2024 | G24: 1 | H24: R57.0 Shock cardiogeno | L24: CARDIAC
A25: 2124008291 | B25: =VLOOKUP($A25,ANAGRAFICA!$B$1:$G$306,2,FALSE) -> FUMAGALLI | C25: =VLOOKUP($A25,ANAGRAFICA!$B$1:$G$306,3,FALSE) -> PIERO | D25: =VLOOKUP($A25,ANAGRAFICA!$B$1:$G$306,4,FALSE) | E25: =VLOOKUP($A25,ANAGRAFICA!$B$1:$G$306,5,FALSE) -> 3272024065 | F25: =VLOOKUP($A25,ANAGRAFICA!$B$1:$G$306,6,FALSE) -> 2024 | G25: 1 | H25: R65.21 SHOCK SETTICO | I25: R57.0 Shock cardiogeno | L25: CARDIAC
A26: 2124010700 | B26: =VLOOKUP($A26,ANAGRAFICA!$B$1:$G$306,2,FALSE) -> ORNAGHI | C26: =VLOOKUP($A26,ANAGRAFICA!$B$1:$G$306,3,FALSE) -> LORENZO | D26: =VLOOKUP($A26,ANAGRAFICA!$B$1:$G$306,4,FALSE) -> 758-2 | E26: =VLOOKUP($A26,ANAGRAFICA!$B$1:$G$306,5,FALSE) -> 3272024068 | F26: =VLOOKUP($A26,ANAGRAFICA!$B$1:$G$306,6,FALSE) -> 2024 | G26: 1 | H26: I46.0 Arresto cardiaco con efficace rianimazione | I26: I21.0 Infarto miocardico acuto transmurale della parete anteriore | L26: ECPR
A27: 2124009735 | B27: =VLOOKUP($A27,ANAGRAFICA!$B$1:$G$306,2,FALSE) -> BOSSI | C27: =VLOOKUP($A27,ANAGRAFICA!$B$1:$G$306,3,FALSE) -> LUDOVICO | D27: =VLOOKUP($A27,ANAGRAFICA!$B$1:$G$306,4,FALSE) -> 758-1 | E27: =VLOOKUP($A27,ANAGRAFICA!$B$1:$G$306,5,FALSE) -> 3272024067 | F27: =VLOOKUP($A27,ANAGRAFICA!$B$1:$G$306,6,FALSE) -> 2024 | G27: 1 | H27: I46.0 Arresto cardiaco con efficace rianimazione | I27: I21.0 Infarto miocardico acuto transmurale della parete anteriore | L27: ECPR
A28: 2124008603 | B28: =VLOOKUP($A28,ANAGRAFICA!$B$1:$G$306,2,FALSE) -> MARIANI | C28: =VLOOKUP($A28,ANAGRAFICA!$B$1:$G$306,3,FALSE) -> MARCO | D28: =VLOOKUP($A28,ANAGRAFICA!$B$1:$G$306,4,FALSE) | E28: =VLOOKUP($A28,ANAGRAFICA!$B$1:$G$306,5,FALSE) -> 3272024066 | F28: =VLOOKUP($A28,ANAGRAFICA!$B$1:$G$306,6,FALSE) -> 2024 | G28: 1 | H28: Dissection of thoracoabdominal aorta,"I71.03" | I28: R65.21 SHOCK SETTICO | L28: PULMONARY
A29: 2124000149 | B29: =VLOOKUP($A29,ANAGRAFICA!$B$1:$G$306,2,FALSE) -> MOTTA | C29: =VLOOKUP($A29,ANAGRAFICA!$B$1:$G$306,3,FALSE) -> FABIO | D29: =VLOOKUP($A29,ANAGRAFICA!$B$1:$G$306,4,FALSE) | E29: =VLOOKUP($A29,ANAGRAFICA!$B$1:$G$306,5,FALSE) -> 3272024051 | F29: =VLOOKUP($A29,ANAGRAFICA!$B$1:$G$306,6,FALSE) -> 2024 | G29: 1 | H29: Dissection of thoracoabdominal aorta,"I71.03" | I29: Injury of heart with hemopericardium,"S26.0" | J29: R57.0 Shock cardiogeno | L29: CARDIAC
A30: 2124003924 | B30: =VLOOKUP($A30,ANAGRAFICA!$B$1:$G$306,2,FALSE) -> MUHAMMAD | C30: =VLOOKUP($A30,ANAGRAFICA!$B$1:$G$306,3,FALSE) -> SHARIF | D30: =VLOOKUP($A30,ANAGRAFICA!$B$1:$G$306,4,FALSE) | E30: =VLOOKUP($A30,ANAGRAFICA!$B$1:$G$306,5,FALSE) -> 3272024059 | F30: =VLOOKUP($A30,ANAGRAFICA!$B$1:$G$306,6,FALSE) -> 2024 | G30: 1 | H30: I46.0 Arresto cardiaco con efficace rianimazione | I30: I21.0 Infarto miocardico acuto transmurale della parete anteriore | L30: CARDIAC
A31: 2124025878 | B31: =VLOOKUP($A31,ANAGRAFICA!$B$1:$G$306,2,FALSE) -> PEDRONI | C31: =VLOOKUP($A31,ANAGRAFICA!$B$1:$G$306,3,FALSE) -> PIERANGELO | D31: =VLOOKUP($A31,ANAGRAFICA!$B$1:$G$306,4,FALSE) -> 758-22 | E31: =VLOOKUP($A31,ANAGRAFICA!$B$1:$G$306,5,FALSE) -> 3272024088 | F31: =VLOOKUP($A31,ANAGRAFICA!$B$1:$G$306,6,FALSE) -> 2024 | G31: 1 | H31: I21.0 Infarto miocardico acuto transmurale della parete anteriore | I31: I46.0 Arresto cardiaco con efficace rianimazione | J31: R57.0 Shock cardiogeno | L31: ECPR
A32: 2124007138 | B32: =VLOOKUP($A32,ANAGRAFICA!$B$1:$G$306,2,FALSE) -> TARTARELLI | C32: =VLOOKUP($A32,ANAGRAFICA!$B$1:$G$306,3,FALSE) -> GIUSEPPE | D32: =VLOOKUP($A32,ANAGRAFICA!$B$1:$G$306,4,FALSE) | E32: =VLOOKUP($A32,ANAGRAFICA!$B$1:$G$306,5,FALSE) -> 3272024063 | F32: =VLOOKUP($A32,ANAGRAFICA!$B$1:$G$306,6,FALSE) -> 2024 | G32: 1 | H32: I46.0 Arresto cardiaco con efficace rianimazione | I32: I21.0 Infarto miocardico acuto transmurale della parete anteriore | L32: ECPR
A33: 2124015827 | B33: =VLOOKUP($A33,ANAGRAFICA!$B$1:$G$306,2,FALSE) -> SCHIAVON | C33: =VLOOKUP($A33,ANAGRAFICA!$B$1:$G$306,3,FALSE) -> ELIO PAOLO | D33: =VLOOKUP($A33,ANAGRAFICA!$B$1:$G$306,4,FALSE) -> 758-11 | E33: =VLOOKUP($A33,ANAGRAFICA!$B$1:$G$306,5,FALSE) -> 3272024077 | F33: =VLOOKUP($A33,ANAGRAFICA!$B$1:$G$306,6,FALSE) -> 2024 | G33: 1 | H33: I46.0 Arresto cardiaco con efficace rianimazione | I33: I21.0 Infarto miocardico acuto transmurale della parete anteriore | L33: ECPR
A34: 2124005780 | B34: =VLOOKUP($A34,ANAGRAFICA!$B$1:$G$306,2,FALSE) -> SAINCIUC | C34: =VLOOKUP($A34,ANAGRAFICA!$B$1:$G$306,3,FALSE) -> AUREL | D34: =VLOOKUP($A34,ANAGRAFICA!$B$1:$G$306,4,FALSE) | E34: =VLOOKUP($A34,ANAGRAFICA!$B$1:$G$306,5,FALSE) -> 3272024061 | F34: =VLOOKUP($A34,ANAGRAFICA!$B$1:$G$306,6,FALSE) -> 2024 | G34: 1 | H34: I46.0 Arresto cardiaco con efficace rianimazione | I34: I21.0 Infarto miocardico acuto transmurale della parete anteriore | L34: ECPR
A35: 2124003531 | B35: =VLOOKUP($A35,ANAGRAFICA!$B$1:$G$306,2,FALSE) -> RASPANTI | C35: =VLOOKUP($A35,ANAGRAFICA!$B$1:$G$306,3,FALSE) -> ANDREA | D35: =VLOOKUP($A35,ANAGRAFICA!$B$1:$G$306,4,FALSE) | E35: =VLOOKUP($A35,ANAGRAFICA!$B$1:$G$306,5,FALSE) -> 3272024057 | F35: =VLOOKUP($A35,ANAGRAFICA!$B$1:$G$306,6,FALSE) -> 2024 | G35: 1 | H35: M72.6 fascite necrotizzante | I35: R65.21 SHOCK SETTICO | J35: R57.0 Shock cardiogeno | L35: CARDIAC
A36: 2124024078 | B36: =VLOOKUP($A36,ANAGRAFICA!$B$1:$G$306,2,FALSE) -> ROVARIS | C36: =VLOOKUP($A36,ANAGRAFICA!$B$1:$G$306,3,FALSE) -> ANGELO FELICE | D36: =VLOOKUP($A36,ANAGRAFICA!$B$1:$G$306,4,FALSE) -> 758-20 | E36: =VLOOKUP($A36,ANAGRAFICA!$B$1:$G$306,5,FALSE) -> 3272024086 | F36: =VLOOKUP($A36,ANAGRAFICA!$B$1:$G$306,6,FALSE) -> 2024 | G36: 1 | H36: I21.0 Infarto miocardico acuto transmurale della parete anteriore | I36: I46.0 Arresto cardiaco con efficace rianimazione | J36: R57.0 Shock cardiogeno | L36: CARDIAC
A37: 2124017757 | B37: =VLOOKUP($A37,ANAGRAFICA!$B$1:$G$306,2,FALSE) -> SALA | C37: =VLOOKUP($A37,ANAGRAFICA!$B$1:$G$306,3,FALSE) -> FELICE | D37: =VLOOKUP($A37,ANAGRAFICA!$B$1:$G$306,4,FALSE) -> 758-14 | E37: =VLOOKUP($A37,ANAGRAFICA!$B$1:$G$306,5,FALSE) -> 3272024080 | F37: =VLOOKUP($A37,ANAGRAFICA!$B$1:$G$306,6,FALSE) -> 2024 | G37: 1 | H37: I21.1 Infarto miocardico acuto transmurale della parete inferiore | I37: R57.0 Shock cardiogeno | L37: CARDIAC
A38: 2124023603 | B38: =VLOOKUP($A38,ANAGRAFICA!$B$1:$G$306,2,FALSE) -> MAZZARDIS | C38: =VLOOKUP($A38,ANAGRAFICA!$B$1:$G$306,3,FALSE) -> DAVIDE | D38: =VLOOKUP($A38,ANAGRAFICA!$B$1:$G$306,4,FALSE) -> 758-19 | E38: =VLOOKUP($A38,ANAGRAFICA!$B$1:$G$306,5,FALSE) -> 3272024085 | F38: =VLOOKUP($A38,ANAGRAFICA!$B$1:$G$306,6,FALSE) -> 2024 | G38: 1 | H38: I46.0 Arresto cardiaco con efficace rianimazione | I38: I21.0 Infarto miocardico acuto transmurale della parete anteriore | L38: ECPR
A39: 2124002215 | B39: =VLOOKUP($A39,ANAGRAFICA!$B$1:$G$306,2,FALSE) -> SCHIFANO | C39: =VLOOKUP($A39,ANAGRAFICA!$B$1:$G$306,3,FALSE) -> FRANCESCO | D39: =VLOOKUP($A39,ANAGRAFICA!$B$1:$G$306,4,FALSE) | E39: =VLOOKUP($A39,ANAGRAFICA!$B$1:$G$306,5,FALSE) -> 3272024055 | F39: =VLOOKUP($A39,ANAGRAFICA!$B$1:$G$306,6,FALSE) -> 2024 | G39: 1 | H39: I21.1 Infarto miocardico acuto transmurale della parete inferiore | I39: I46.0 Arresto cardiaco con efficace rianimazione | J39: Stenosis of coronary artery stent,"T82.855" | K39: R57.0 Shock cardiogeno | L39: CARDIAC
A40: 2124023603 | B40: =VLOOKUP($A40,ANAGRAFICA!$B$1:$G$306,2,FALSE) -> MAZZARDIS | C40: =VLOOKUP($A40,ANAGRAFICA!$B$1:$G$306,3,FALSE) -> DAVIDE | D40: =VLOOKUP($A40,ANAGRAFICA!$B$1:$G$306,4,FALSE) -> 758-19 | E40: =VLOOKUP($A40,ANAGRAFICA!$B$1:$G$306,5,FALSE) -> 3272024085 | F40: =VLOOKUP($A40,ANAGRAFICA!$B$1:$G$306,6,FALSE) -> 2024 | G40: 2 | H40: I46.0 Arresto cardiaco con efficace rianimazione | I40: I21.0 Infarto miocardico acuto transmurale della parete anteriore | L40: ECPR
A41: 2124019184 | B41: =VLOOKUP($A41,ANAGRAFICA!$B$1:$G$306,2,FALSE) -> SERVIDIO | C41: =VLOOKUP($A41,ANAGRAFICA!$B$1:$G$306,3,FALSE) -> GIOVANNI | D41: =VLOOKUP($A41,ANAGRAFICA!$B$1:$G$306,4,FALSE) -> 758-17 | E41: =VLOOKUP($A41,ANAGRAFICA!$B$1:$G$306,5,FALSE) -> 3272024083 | F41: =VLOOKUP($A41,ANAGRAFICA!$B$1:$G$306,6,FALSE) -> 2024 | G41: 1 | H41: R57.0 Shock cardiogeno | L41: CARDIAC
A42: 2125000348 | B42: =VLOOKUP($A42,ANAGRAFICA!$B$1:$G$306,2,FALSE) -> SLAVKOVA | C42: =VLOOKUP($A42,ANAGRAFICA!$B$1:$G$306,3,FALSE) -> EVELINA PLAMENOVA | D42: =VLOOKUP($A42,ANAGRAFICA!$B$1:$G$306,4,FALSE) | E42: =VLOOKUP($A42,ANAGRAFICA!$B$1:$G$306,5,FALSE) -> 3272025051 | F42: =VLOOKUP($A42,ANAGRAFICA!$B$1:$G$306,6,FALSE) -> 2025 | G42: 1 | H42: I26.0 Embolia polmonare con menzione di cuore polmonare acuto | I42: I46.9 Arresto cardiaco non specificato | J42: R57.1 Shock ipovolemico | L42: ECPR
A43: 2124013801 | B43: =VLOOKUP($A43,ANAGRAFICA!$B$1:$G$306,2,FALSE) -> SGOBBA | C43: =VLOOKUP($A43,ANAGRAFICA!$B$1:$G$306,3,FALSE) -> ANNA | D43: =VLOOKUP($A43,ANAGRAFICA!$B$1:$G$306,4,FALSE) -> 758-8 | E43: =VLOOKUP($A43,ANAGRAFICA!$B$1:$G$306,5,FALSE) -> 3272024074 | F43: =VLOOKUP($A43,ANAGRAFICA!$B$1:$G$306,6,FALSE) -> 2024 | G43: 1 | H43: R57.0 Shock cardiogeno | L43: CARDIAC
A44: 2124004761 | B44: =VLOOKUP($A44,ANAGRAFICA!$B$1:$G$306,2,FALSE) -> TRAMPOLIN | C44: =VLOOKUP($A44,ANAGRAFICA!$B$1:$G$306,3,FALSE) -> FABIO | D44: =VLOOKUP($A44,ANAGRAFICA!$B$1:$G$306,4,FALSE) | E44: =VLOOKUP($A44,ANAGRAFICA!$B$1:$G$306,5,FALSE) -> 3272024060 | F44: =VLOOKUP($A44,ANAGRAFICA!$B$1:$G$306,6,FALSE) -> 2024 | G44: 1 | H44: I21.1 Infarto miocardico acuto transmurale della parete inferiore | I44: I46.0 Arresto cardiaco con efficace rianimazione | L44: CARDIAC
A45: 2124016781 | B45: =VLOOKUP($A45,ANAGRAFICA!$B$1:$G$306,2,FALSE) -> TURNO ARTHEMALLE | C45: =VLOOKUP($A45,ANAGRAFICA!$B$1:$G$306,3,FALSE) -> ALICE | D45: =VLOOKUP($A45,ANAGRAFICA!$B$1:$G$306,4,FALSE) -> 758-12 | E45: =VLOOKUP($A45,ANAGRAFICA!$B$1:$G$306,5,FALSE) -> 3272024078 | F45: =VLOOKUP($A45,ANAGRAFICA!$B$1:$G$306,6,FALSE) -> 2024 | G45: 1 | H45: I47.2 Tachicardia ventricolare | L45: CARDIAC | M45: Iperkaliemia grave in rabdomiolisi di ndd
A46: 2125004454 | B46: =VLOOKUP($A46,ANAGRAFICA!$B$1:$G$306,2,FALSE) -> ANTIGNANO | C46: =VLOOKUP($A46,ANAGRAFICA!$B$1:$G$306,3,FALSE) -> MAURO | D46: =VLOOKUP($A46,ANAGRAFICA!$B$1:$G$306,4,FALSE) -> 758-23 | E46: =VLOOKUP($A46,ANAGRAFICA!$B$1:$G$306,5,FALSE) -> 3272025052 | F46: =VLOOKUP($A46,ANAGRAFICA!$B$1:$G$306,6,FALSE) -> 2025 | G46: 1 | H46: I46.9 Arresto cardiaco non specificato | L46: ECPR
A47: 2125004867 | B47: =VLOOKUP($A47,ANAGRAFICA!$B$1:$G$306,2,FALSE) -> MARCONI | C47: =VLOOKUP($A47,ANAGRAFICA!$B$1:$G$306,3,FALSE) -> PIETRO VITTORIO | D47: =VLOOKUP($A47,ANAGRAFICA!$B$1:$G$306,4,FALSE) | E47: =VLOOKUP($A47,ANAGRAFICA!$B$1:$G$306,5,FALSE) -> 3272025053 | F47: =VLOOKUP($A47,ANAGRAFICA!$B$1:$G$306,6,FALSE) -> 2025 | G47: 1 | H47: I21.2 Infarto miocardico acuto transmurale di altre sedi | I47: I46.9 Arresto cardiaco non specificato | L47: ECPR
A48: 2025010247 | B48: =VLOOKUP($A48,ANAGRAFICA!$B$1:$G$306,2,FALSE) -> TREMOLADA | C48: =VLOOKUP($A48,ANAGRAFICA!$B$1:$G$306,3,FALSE) -> MARCO | D48: =VLOOKUP($A48,ANAGRAFICA!$B$1:$G$306,4,FALSE) -> 758-25 | E48: =VLOOKUP($A48,ANAGRAFICA!$B$1:$G$306,5,FALSE) -> 3272025054 | F48: =VLOOKUP($A48,ANAGRAFICA!$B$1:$G$306,6,FALSE) -> 2025 | G48: 1 | H48: I46.0 Arresto cardiaco con efficace rianimazione | I48: I21.2 Infarto miocardico acuto transmurale di altre sedi | L48: ECPR
A49: 2025010247 | B49: =VLOOKUP($A49,ANAGRAFICA!$B$1:$G$306,2,FALSE) -> TREMOLADA | C49: =VLOOKUP($A49,ANAGRAFICA!$B$1:$G$306,3,FALSE) -> MARCO | D49: =VLOOKUP($A49,ANAGRAFICA!$B$1:$G$306,4,FALSE) -> 758-25 | E49: =VLOOKUP($A49,ANAGRAFICA!$B$1:$G$306,5,FALSE) -> 3272025054 | F49: =VLOOKUP($A49,ANAGRAFICA!$B$1:$G$306,6,FALSE) -> 2025 | G49: 2 | H49: R57.0 Shock cardiogeno | I49: R65.21 SHOCK SETTICO | L49: CARDIAC
A50: 2125020858 | B50: =VLOOKUP($A50,ANAGRAFICA!$B$1:$G$306,2,FALSE) -> FALVO | C50: =VLOOKUP($A50,ANAGRAFICA!$B$1:$G$306,3,FALSE) -> FRANCESCO | D50: =VLOOKUP($A50,ANAGRAFICA!$B$1:$G$306,4,FALSE) | E50: =VLOOKUP($A50,ANAGRAFICA!$B$1:$G$306,5,FALSE) -> 3272025055 | F50: =VLOOKUP($A50,ANAGRAFICA!$B$1:$G$306,6,FALSE) -> 2025 | G50: 1 | H50: I46.9 Arresto cardiaco non specificato | I50: I21.2 Infarto miocardico acuto transmurale di altre sedi | L50: ECPR
A51: 2125023093 | B51: =VLOOKUP($A51,ANAGRAFICA!$B$1:$G$306,2,FALSE) -> GHEZZI | C51: =VLOOKUP($A51,ANAGRAFICA!$B$1:$G$306,3,FALSE) -> FABIO | D51: =VLOOKUP($A51,ANAGRAFICA!$B$1:$G$306,4,FALSE) -> 758-28 | E51: =VLOOKUP($A51,ANAGRAFICA!$B$1:$G$306,5,FALSE) -> 3272025056 | F51: =VLOOKUP($A51,ANAGRAFICA!$B$1:$G$306,6,FALSE) -> 2025 | G51: 1 | H51: I46.9 Arresto cardiaco non specificato | I51: I21.2 Infarto miocardico acuto transmurale di altre sedi | L51: ECPR
A52: 2125024608 | B52: =VLOOKUP($A52,ANAGRAFICA!$B$1:$G$306,2,FALSE) -> ZAPPIA | C52: =VLOOKUP($A52,ANAGRAFICA!$B$1:$G$306,3,FALSE) -> LEONARDO | D52: =VLOOKUP($A52,ANAGRAFICA!$B$1:$G$306,4,FALSE) -> 758-29 | E52: =VLOOKUP($A52,ANAGRAFICA!$B$1:$G$306,5,FALSE) -> 3272025057 | F52: =VLOOKUP($A52,ANAGRAFICA!$B$1:$G$306,6,FALSE) -> 2025 | G52: 1 | H52: R57.0 Shock cardiogeno | I52: I21.0 Infarto miocardico acuto transmurale della parete anteriore | J52: I21.1 Infarto miocardico acuto transmurale della parete inferiore | L52: CARDIAC
A53: 2125024565 | B53: =VLOOKUP($A53,ANAGRAFICA!$B$1:$G$306,2,FALSE) -> POLICARPO | C53: =VLOOKUP($A53,ANAGRAFICA!$B$1:$G$306,3,FALSE) -> FRANCESCO | D53: =VLOOKUP($A53,ANAGRAFICA!$B$1:$G$306,4,FALSE) -> 758-30 | E53: =VLOOKUP($A53,ANAGRAFICA!$B$1:$G$306,5,FALSE) | F53: =VLOOKUP($A53,ANAGRAFICA!$B$1:$G$306,6,FALSE) -> 2025 | G53: 1 | H53: Dissection of thoracic aorta,"I71.01" | I53: R57.0 Shock cardiogeno | J53: I21.2 Infarto miocardico acuto transmurale di altre sedi | L53: CARDIAC
A54: 2125025861 | B54: =VLOOKUP($A54,ANAGRAFICA!$B$1:$G$306,2,FALSE) -> CASSANI | C54: =VLOOKUP($A54,ANAGRAFICA!$B$1:$G$306,3,FALSE) -> DAVIDE VIRGILIO | D54: =VLOOKUP($A54,ANAGRAFICA!$B$1:$G$306,4,FALSE) -> 758-31 | E54: =VLOOKUP($A54,ANAGRAFICA!$B$1:$G$306,5,FALSE) -> 3272025058 | F54: =VLOOKUP($A54,ANAGRAFICA!$B$1:$G$306,6,FALSE) -> 2025 | G54: 1 | H54: I46.0 Arresto cardiaco con efficace rianimazione | I54: I21.2 Infarto miocardico acuto transmurale di altre sedi | J54: I42.9 Cardiomiopatia non specificata | L54: ECPR
A55: 2125026559 | B55: =VLOOKUP($A55,ANAGRAFICA!$B$1:$G$306,2,FALSE) -> VEDUTI | C55: =VLOOKUP($A55,ANAGRAFICA!$B$1:$G$306,3,FALSE) -> LORENZO | D55: =VLOOKUP($A55,ANAGRAFICA!$B$1:$G$306,4,FALSE) -> 758-32 | E55: =VLOOKUP($A55,ANAGRAFICA!$B$1:$G$306,5,FALSE) -> 3272025059 | F55: =VLOOKUP($A55,ANAGRAFICA!$B$1:$G$306,6,FALSE) -> 2025 | G55: 1 | H55: I46.9 Arresto cardiaco non specificato | L55: ECPR
A56: 2125027331 | B56: =VLOOKUP($A56,ANAGRAFICA!$B$1:$G$306,2,FALSE) -> QUARIN | C56: =VLOOKUP($A56,ANAGRAFICA!$B$1:$G$306,3,FALSE) -> FRANCO | D56: =VLOOKUP($A56,ANAGRAFICA!$B$1:$G$306,4,FALSE) -> 758-34 | E56: =VLOOKUP($A56,ANAGRAFICA!$B$1:$G$306,5,FALSE) | F56: =VLOOKUP($A56,ANAGRAFICA!$B$1:$G$306,6,FALSE) -> 2025 | G56: 1 | H56: I46.9 Arresto cardiaco non specificato | L56: ECPR
A57: 2125029623 | B57: =VLOOKUP($A57,ANAGRAFICA!$B$1:$G$306,2,FALSE) -> IANDIORIO | C57: =VLOOKUP($A57,ANAGRAFICA!$B$1:$G$306,3,FALSE) -> ALDO NATALINO | D57: =VLOOKUP($A57,ANAGRAFICA!$B$1:$G$306,4,FALSE) -> 758-36 | E57: =VLOOKUP($A57,ANAGRAFICA!$B$1:$G$306,5,FALSE) -> 3272025062 | F57: =VLOOKUP($A57,ANAGRAFICA!$B$1:$G$306,6,FALSE) -> 2025 | G57: 1 | H57: I21.2 Infarto miocardico acuto transmurale di altre sedi | I57: R57.0 Shock cardiogeno | L57: CARDIAC | M57: ROTTURA PAPILLARE CON IM E SOSTITUZIONE
A58: 2125026384 | B58: =VLOOKUP($A58,ANAGRAFICA!$B$1:$G$306,2,FALSE) -> PRINCIPATO | C58: =VLOOKUP($A58,ANAGRAFICA!$B$1:$G$306,3,FALSE) -> FRANCO ANGELO | D58: =VLOOKUP($A58,ANAGRAFICA!$B$1:$G$306,4,FALSE) -> 758-35 | E58: =VLOOKUP($A58,ANAGRAFICA!$B$1:$G$306,5,FALSE) -> 3272025061 | F58: =VLOOKUP($A58,ANAGRAFICA!$B$1:$G$306,6,FALSE) -> 2025 | G58: 1 | H58: I46.0 Arresto cardiaco con efficace rianimazione | I58: R57.0 Shock cardiogeno | L58: ECPR
A59: 2125026869 | B59: =VLOOKUP($A59,ANAGRAFICA!$B$1:$G$306,2,FALSE) -> NACCARI | C59: =VLOOKUP($A59,ANAGRAFICA!$B$1:$G$306,3,FALSE) -> ROBERTO | D59: =VLOOKUP($A59,ANAGRAFICA!$B$1:$G$306,4,FALSE) -> 758-33 | E59: =VLOOKUP($A59,ANAGRAFICA!$B$1:$G$306,5,FALSE) -> 3272025060 | F59: =VLOOKUP($A59,ANAGRAFICA!$B$1:$G$306,6,FALSE) -> 2025 | G59: 1 | H59: I21.0 Infarto miocardico acuto transmurale della parete anteriore | I59: I46.0 Arresto cardiaco con efficace rianimazione | J59: R57.0 Shock cardiogeno
A60: 2125032902 | B60: =VLOOKUP($A60,ANAGRAFICA!$B$1:$G$306,2,FALSE) -> BRAIDA | C60: =VLOOKUP($A60,ANAGRAFICA!$B$1:$G$306,3,FALSE) -> ILARIO | D60: =VLOOKUP($A60,ANAGRAFICA!$B$1:$G$306,4,FALSE) -> 758-37 | E60: =VLOOKUP($A60,ANAGRAFICA!$B$1:$G$306,5,FALSE) -> 3272025063 | F60: =VLOOKUP($A60,ANAGRAFICA!$B$1:$G$306,6,FALSE) -> 2025 | G60: 1 | H60: I21.0 Infarto miocardico acuto transmurale della parete anteriore | I60: I46.0 Arresto cardiaco con efficace rianimazione | J60: R57.0 Shock cardiogeno | L60: ECPR
A61: 2125032653 | B61: =VLOOKUP($A61,ANAGRAFICA!$B$1:$G$306,2,FALSE) -> BAIOCCO | C61: =VLOOKUP($A61,ANAGRAFICA!$B$1:$G$306,3,FALSE) -> RICCARDO | D61: =VLOOKUP($A61,ANAGRAFICA!$B$1:$G$306,4,FALSE) | E61: =VLOOKUP($A61,ANAGRAFICA!$B$1:$G$306,5,FALSE) -> 3272025064 | F61: =VLOOKUP($A61,ANAGRAFICA!$B$1:$G$306,6,FALSE) -> 2025 | G61: 1 | H61: R57.9 Shock non specificato | L61: CARDIAC
A62: 2125037782 | B62: =VLOOKUP($A62,ANAGRAFICA!$B$1:$G$306,2,FALSE) -> GILARDI | C62: =VLOOKUP($A62,ANAGRAFICA!$B$1:$G$306,3,FALSE) -> CARLO VIRGINIO | D62: =VLOOKUP($A62,ANAGRAFICA!$B$1:$G$306,4,FALSE) -> 758-38 | E62: =VLOOKUP($A62,ANAGRAFICA!$B$1:$G$306,5,FALSE) -> 3272025065 | F62: =VLOOKUP($A62,ANAGRAFICA!$B$1:$G$306,6,FALSE) -> 2025 | G62: 1 | H62: I21.0 Infarto miocardico acuto transmurale della parete anteriore | I62: I44.2 Blocco atrioventricolare completo | J62: R57.0 Shock cardiogeno | L62: CARDIAC
A63: 2125037955 | B63: =VLOOKUP($A63,ANAGRAFICA!$B$1:$G$306,2,FALSE) -> MANNINO | C63: =VLOOKUP($A63,ANAGRAFICA!$B$1:$G$306,3,FALSE) -> ANDREA | D63: =VLOOKUP($A63,ANAGRAFICA!$B$1:$G$306,4,FALSE) -> 758-39 | E63: =VLOOKUP($A63,ANAGRAFICA!$B$1:$G$306,5,FALSE) -> 3272025066 | F63: =VLOOKUP($A63,ANAGRAFICA!$B$1:$G$306,6,FALSE) -> 2025 | G63: 1 | H63: I46.9 Arresto cardiaco non specificato | I63: I21.0 Infarto miocardico acuto transmurale della parete anteriore | L63: ECPR | M63: spontaneous coronary artery dissection
A64: 2125040106 | B64: =VLOOKUP($A64,ANAGRAFICA!$B$1:$G$306,2,FALSE) -> COLNAGHI | C64: =VLOOKUP($A64,ANAGRAFICA!$B$1:$G$306,3,FALSE) -> EUGENIO PIERO | D64: =VLOOKUP($A64,ANAGRAFICA!$B$1:$G$306,4,FALSE) -> 758-41 | E64: =VLOOKUP($A64,ANAGRAFICA!$B$1:$G$306,5,FALSE) -> 3272025068 | F64: =VLOOKUP($A64,ANAGRAFICA!$B$1:$G$306,6,FALSE) -> 2025 | G64: 1 | H64: I46.9 Arresto cardiaco non specificato | I64: I21.0 Infarto miocardico acuto transmurale della parete anteriore | J64: I21.1 Infarto miocardico acuto transmurale della parete inferiore | L64: ECPR
A65: 2125040052 | B65: =VLOOKUP($A65,ANAGRAFICA!$B$1:$G$306,2,FALSE) -> TODESCATO | C65: =VLOOKUP($A65,ANAGRAFICA!$B$1:$G$306,3,FALSE) -> GIANLUCA | D65: =VLOOKUP($A65,ANAGRAFICA!$B$1:$G$306,4,FALSE) -> 758-40 | E65: =VLOOKUP($A65,ANAGRAFICA!$B$1:$G$306,5,FALSE) -> 3272025067 | F65: =VLOOKUP($A65,ANAGRAFICA!$B$1:$G$306,6,FALSE) -> 2025 | G65: 1 | H65: Injury of heart with hemopericardium,"S26.0" | I65: I21.1 Infarto miocardico acuto transmurale della parete inferiore | L65: CARDIAC | M65: ROTTURA DI CUORE VDX DOPO INFARTO INFERIORE
A66: 2125040835 | B66: =VLOOKUP($A66,ANAGRAFICA!$B$1:$G$306,2,FALSE) -> PESACANE | C66: =VLOOKUP($A66,ANAGRAFICA!$B$1:$G$306,3,FALSE) -> MATTEO VALERIO | D66: =VLOOKUP($A66,ANAGRAFICA!$B$1:$G$306,4,FALSE) -> 758-42 | E66: =VLOOKUP($A66,ANAGRAFICA!$B$1:$G$306,5,FALSE) -> 3272025069 | F66: =VLOOKUP($A66,ANAGRAFICA!$B$1:$G$306,6,FALSE) -> 2025 | G66: 1 | H66: I46.9 Arresto cardiaco non specificato | I66: I21.0 Infarto miocardico acuto transmurale della parete anteriore | L66: ECPR
A67: 2125042368 | B67: =VLOOKUP($A67,ANAGRAFICA!$B$1:$G$306,2,FALSE) -> MARKOVIC | C67: =VLOOKUP($A67,ANAGRAFICA!$B$1:$G$306,3,FALSE) -> BRANKO | D67: =VLOOKUP($A67,ANAGRAFICA!$B$1:$G$306,4,FALSE) -> 758-43 | E67: =VLOOKUP($A67,ANAGRAFICA!$B$1:$G$306,5,FALSE) -> 3272025070 | F67: =VLOOKUP($A67,ANAGRAFICA!$B$1:$G$306,6,FALSE) -> 2025 | G67: 1 | H67: I21.0 Infarto miocardico acuto transmurale della parete anteriore | I67: I46.0 Arresto cardiaco con efficace rianimazione | L67: ECPR
A68: 2125046195 | B68: =VLOOKUP($A68,ANAGRAFICA!$B$1:$G$306,2,FALSE) -> CASILLO | C68: =VLOOKUP($A68,ANAGRAFICA!$B$1:$G$306,3,FALSE) -> SALVATORE | D68: =VLOOKUP($A68,ANAGRAFICA!$B$1:$G$306,4,FALSE) -> 758-44 | E68: =VLOOKUP($A68,ANAGRAFICA!$B$1:$G$306,5,FALSE) -> 3272025071 | F68: =VLOOKUP($A68,ANAGRAFICA!$B$1:$G$306,6,FALSE) -> 2025 | G68: 1 | H68: I21.1 Infarto miocardico acuto transmurale della parete inferiore | I68: I46.9 Arresto cardiaco non specificato | L68: ECPR
A69: 2125051424 | B69: =VLOOKUP($A69,ANAGRAFICA!$B$1:$G$306,2,FALSE) -> CASABURI | C69: =VLOOKUP($A69,ANAGRAFICA!$B$1:$G$306,3,FALSE) -> ERRICO | D69: =VLOOKUP($A69,ANAGRAFICA!$B$1:$G$306,4,FALSE) -> 758-45 | E69: =VLOOKUP($A69,ANAGRAFICA!$B$1:$G$306,5,FALSE) -> 3272025072 | F69: =VLOOKUP($A69,ANAGRAFICA!$B$1:$G$306,6,FALSE) -> 2025 | G69: 1 | H69: R57.0 Shock cardiogeno | I69: I21.0 Infarto miocardico acuto transmurale della parete anteriore | L69: CARDIAC
A70: 2125052700 | B70: =VLOOKUP($A70,ANAGRAFICA!$B$1:$G$306,2,FALSE) -> GADDA | C70: =VLOOKUP($A70,ANAGRAFICA!$B$1:$G$306,3,FALSE) -> LILIANA | D70: =VLOOKUP($A70,ANAGRAFICA!$B$1:$G$306,4,FALSE) -> 758-46 | E70: =VLOOKUP($A70,ANAGRAFICA!$B$1:$G$306,5,FALSE) -> 3272025073 | F70: =VLOOKUP($A70,ANAGRAFICA!$B$1:$G$306,6,FALSE) -> 2025 | G70: 1 | H70: I26.0 Embolia polmonare con menzione di cuore polmonare acuto | I70: I46.0 Arresto cardiaco con efficace rianimazione | L70: CARDIAC
A71: 2125053097 | B71: =VLOOKUP($A71,ANAGRAFICA!$B$1:$G$306,2,FALSE) -> LISSONI | C71: =VLOOKUP($A71,ANAGRAFICA!$B$1:$G$306,3,FALSE) -> ALESSANDRA | D71: =VLOOKUP($A71,ANAGRAFICA!$B$1:$G$306,4,FALSE) -> 758-47 | E71: =VLOOKUP($A71,ANAGRAFICA!$B$1:$G$306,5,FALSE) -> 3272025074 | F71: =VLOOKUP($A71,ANAGRAFICA!$B$1:$G$306,6,FALSE) -> 2025 | G71: 1 | H71: I51.4 Miocardite non specificata | I71: R57.0 Shock cardiogeno | L71: CARDIAC
A72: 2125053589 | B72: =VLOOKUP($A72,ANAGRAFICA!$B$1:$G$306,2,FALSE) -> HU | C72: =VLOOKUP($A72,ANAGRAFICA!$B$1:$G$306,3,FALSE) -> LIBEI | D72: =VLOOKUP($A72,ANAGRAFICA!$B$1:$G$306,4,FALSE) -> 758-48 | E72: =VLOOKUP($A72,ANAGRAFICA!$B$1:$G$306,5,FALSE) | F72: =VLOOKUP($A72,ANAGRAFICA!$B$1:$G$306,6,FALSE) -> 2025 | G72: 1 | H72: I21.0 Infarto miocardico acuto transmurale della parete anteriore | I72: I46.0 Arresto cardiaco con efficace rianimazione | J72: R57.0 Shock cardiogeno | L72: ECPR
A73: 2126005799 | B73: =VLOOKUP($A73,ANAGRAFICA!$B$1:$G$306,2,FALSE) -> MAIORANO | C73: =VLOOKUP($A73,ANAGRAFICA!$B$1:$G$306,3,FALSE) -> IOLANDA MARIA | D73: =VLOOKUP($A73,ANAGRAFICA!$B$1:$G$306,4,FALSE) -> 758-56 | E73: =VLOOKUP($A73,ANAGRAFICA!$B$1:$G$306,5,FALSE) | F73: =VLOOKUP($A73,ANAGRAFICA!$B$1:$G$306,6,FALSE) -> 2026 | G73: 1 | H73: R57.0 Shock cardiogeno | L73: CARDIAC
A74: 2125053750 | B74: =VLOOKUP($A74,ANAGRAFICA!$B$1:$G$306,2,FALSE) -> BERETTA | C74: =VLOOKUP($A74,ANAGRAFICA!$B$1:$G$306,3,FALSE) -> FULVIO | D74: =VLOOKUP($A74,ANAGRAFICA!$B$1:$G$306,4,FALSE) | E74: =VLOOKUP($A74,ANAGRAFICA!$B$1:$G$306,5,FALSE) | F74: =VLOOKUP($A74,ANAGRAFICA!$B$1:$G$306,6,FALSE) -> 2025 | H74: I46.9 Arresto cardiaco non specificato | I74: I21.0 Infarto miocardico acuto transmurale della parete anteriore | J74: R57.0 Shock cardiogeno | L74: ECPR
A75: 2126002771 | B75: =VLOOKUP($A75,ANAGRAFICA!$B$1:$G$306,2,FALSE) -> LONGOBARDI | C75: =VLOOKUP($A75,ANAGRAFICA!$B$1:$G$306,3,FALSE) -> FRANCESCO | D75: =VLOOKUP($A75,ANAGRAFICA!$B$1:$G$306,4,FALSE) -> 758-52 | E75: =VLOOKUP($A75,ANAGRAFICA!$B$1:$G$306,5,FALSE) | F75: =VLOOKUP($A75,ANAGRAFICA!$B$1:$G$306,6,FALSE) -> 2026 | G75: 1 | H75: I21.1 Infarto miocardico acuto transmurale della parete inferiore | I75: R57.0 Shock cardiogeno | J75: I46.9 Arresto cardiaco non specificato | L75: ECPR
A76: 2126001104 | B76: =VLOOKUP($A76,ANAGRAFICA!$B$1:$G$306,2,FALSE) -> LOREGGIA | C76: =VLOOKUP($A76,ANAGRAFICA!$B$1:$G$306,3,FALSE) -> GIAN MARCO | D76: =VLOOKUP($A76,ANAGRAFICA!$B$1:$G$306,4,FALSE) -> 758-51 | E76: =VLOOKUP($A76,ANAGRAFICA!$B$1:$G$306,5,FALSE) | F76: =VLOOKUP($A76,ANAGRAFICA!$B$1:$G$306,6,FALSE) -> 2026 | H76: I46.9 Arresto cardiaco non specificato | I76: I21.0 Infarto miocardico acuto transmurale della parete anteriore | L76: ECPR
B77: =VLOOKUP($A77,ANAGRAFICA!$B$1:$G$306,2,FALSE) -> #N/A | C77: =VLOOKUP($A77,ANAGRAFICA!$B$1:$G$306,3,FALSE) -> #N/A | D77: =VLOOKUP($A77,ANAGRAFICA!$B$1:$G$306,4,FALSE) -> #N/A | E77: =VLOOKUP($A77,ANAGRAFICA!$B$1:$G$306,5,FALSE) -> #N/A | F77: =VLOOKUP($A77,ANAGRAFICA!$B$1:$G$306,6,FALSE) -> #N/A
B78: =VLOOKUP($A78,ANAGRAFICA!$B$1:$G$306,2,FALSE) -> #N/A | C78: =VLOOKUP($A78,ANAGRAFICA!$B$1:$G$306,3,FALSE) -> #N/A | D78: =VLOOKUP($A78,ANAGRAFICA!$B$1:$G$306,4,FALSE) -> #N/A | E78: =VLOOKUP($A78,ANAGRAFICA!$B$1:$G$306,5,FALSE) -> #N/A | F78: =VLOOKUP($A78,ANAGRAFICA!$B$1:$G$306,6,FALSE) -> #N/A
B79: =VLOOKUP($A79,ANAGRAFICA!$B$1:$G$306,2,FALSE) -> #N/A | C79: =VLOOKUP($A79,ANAGRAFICA!$B$1:$G$306,3,FALSE) -> #N/A | D79: =VLOOKUP($A79,ANAGRAFICA!$B$1:$G$306,4,FALSE) -> #N/A | E79: =VLOOKUP($A79,ANAGRAFICA!$B$1:$G$306,5,FALSE) -> #N/A | F79: =VLOOKUP($A79,ANAGRAFICA!$B$1:$G$306,6,FALSE) -> #N/A
B80: =VLOOKUP($A80,ANAGRAFICA!$B$1:$G$306,2,FALSE) -> #N/A | C80: =VLOOKUP($A80,ANAGRAFICA!$B$1:$G$306,3,FALSE) -> #N/A | D80: =VLOOKUP($A80,ANAGRAFICA!$B$1:$G$306,4,FALSE) -> #N/A | E80: =VLOOKUP($A80,ANAGRAFICA!$B$1:$G$306,5,FALSE) -> #N/A | F80: =VLOOKUP($A80,ANAGRAFICA!$B$1:$G$306,6,FALSE) -> #N/A
B81: =VLOOKUP($A81,ANAGRAFICA!$B$1:$G$306,2,FALSE) -> #N/A | C81: =VLOOKUP($A81,ANAGRAFICA!$B$1:$G$306,3,FALSE) -> #N/A | D81: =VLOOKUP($A81,ANAGRAFICA!$B$1:$G$306,4,FALSE) -> #N/A | E81: =VLOOKUP($A81,ANAGRAFICA!$B$1:$G$306,5,FALSE) -> #N/A | F81: =VLOOKUP($A81,ANAGRAFICA!$B$1:$G$306,6,FALSE) -> #N/A
B82: =VLOOKUP($A82,ANAGRAFICA!$B$1:$G$306,2,FALSE) -> #N/A | C82: =VLOOKUP($A82,ANAGRAFICA!$B$1:$G$306,3,FALSE) -> #N/A | D82: =VLOOKUP($A82,ANAGRAFICA!$B$1:$G$306,4,FALSE) -> #N/A | E82: =VLOOKUP($A82,ANAGRAFICA!$B$1:$G$306,5,FALSE) -> #N/A | F82: =VLOOKUP($A82,ANAGRAFICA!$B$1:$G$306,6,FALSE) -> #N/A
B83: =VLOOKUP($A83,ANAGRAFICA!$B$1:$G$306,2,FALSE) -> #N/A | C83: =VLOOKUP($A83,ANAGRAFICA!$B$1:$G$306,3,FALSE) -> #N/A | D83: =VLOOKUP($A83,ANAGRAFICA!$B$1:$G$306,4,FALSE) -> #N/A | E83: =VLOOKUP($A83,ANAGRAFICA!$B$1:$G$306,5,FALSE) -> #N/A | F83: =VLOOKUP($A83,ANAGRAFICA!$B$1:$G$306,6,FALSE) -> #N/A
B84: =VLOOKUP($A84,ANAGRAFICA!$B$1:$G$306,2,FALSE) -> #N/A | C84: =VLOOKUP($A84,ANAGRAFICA!$B$1:$G$306,3,FALSE) -> #N/A | D84: =VLOOKUP($A84,ANAGRAFICA!$B$1:$G$306,4,FALSE) -> #N/A | E84: =VLOOKUP($A84,ANAGRAFICA!$B$1:$G$306,5,FALSE) -> #N/A | F84: =VLOOKUP($A84,ANAGRAFICA!$B$1:$G$306,6,FALSE) -> #N/A
B85: =VLOOKUP($A85,ANAGRAFICA!$B$1:$G$306,2,FALSE) -> #N/A | C85: =VLOOKUP($A85,ANAGRAFICA!$B$1:$G$306,3,FALSE) -> #N/A | D85: =VLOOKUP($A85,ANAGRAFICA!$B$1:$G$306,4,FALSE) -> #N/A | E85: =VLOOKUP($A85,ANAGRAFICA!$B$1:$G$306,5,FALSE) -> #N/A | F85: =VLOOKUP($A85,ANAGRAFICA!$B$1:$G$306,6,FALSE) -> #N/A
B86: =VLOOKUP($A86,ANAGRAFICA!$B$1:$G$306,2,FALSE) -> #N/A | C86: =VLOOKUP($A86,ANAGRAFICA!$B$1:$G$306,3,FALSE) -> #N/A | D86: =VLOOKUP($A86,ANAGRAFICA!$B$1:$G$306,4,FALSE) -> #N/A | E86: =VLOOKUP($A86,ANAGRAFICA!$B$1:$G$306,5,FALSE) -> #N/A | F86: =VLOOKUP($A86,ANAGRAFICA!$B$1:$G$306,6,FALSE) -> #N/A
B87: =VLOOKUP($A87,ANAGRAFICA!$B$1:$G$306,2,FALSE) -> #N/A | C87: =VLOOKUP($A87,ANAGRAFICA!$B$1:$G$306,3,FALSE) -> #N/A | D87: =VLOOKUP($A87,ANAGRAFICA!$B$1:$G$306,4,FALSE) -> #N/A | E87: =VLOOKUP($A87,ANAGRAFICA!$B$1:$G$306,5,FALSE) -> #N/A | F87: =VLOOKUP($A87,ANAGRAFICA!$B$1:$G$306,6,FALSE) -> #N/A
B88: =VLOOKUP($A88,ANAGRAFICA!$B$1:$G$306,2,FALSE) -> #N/A | C88: =VLOOKUP($A88,ANAGRAFICA!$B$1:$G$306,3,FALSE) -> #N/A | D88: =VLOOKUP($A88,ANAGRAFICA!$B$1:$G$306,4,FALSE) -> #N/A | E88: =VLOOKUP($A88,ANAGRAFICA!$B$1:$G$306,5,FALSE) -> #N/A | F88: =VLOOKUP($A88,ANAGRAFICA!$B$1:$G$306,6,FALSE) -> #N/A
... B298: =VLOOKUP($A298,ANAGRAFICA!$B$1:$G$306,2,FALSE) -> #N/A | C298: =VLOOKUP($A298,ANAGRAFICA!$B$1:$G$306,3,FALSE) -> #N/A | D298: =VLOOKUP($A298,ANAGRAFICA!$B$1:$G$306,4,FALSE) -> #N/A | E298: =VLOOKUP($A298,ANAGRAFICA!$B$1:$G$306,5,FALSE) -> #N/A | F298: =VLOOKUP($A298,ANAGRAFICA!$B$1:$G$306,6,FALSE) -> #N/A

Sheet CANNULA
A1: SDO | B1: COGNOME | C1: NOME | D1: ECMO LENS | E1: ELSO | F1: ANNO | G1: RUN | H1: AIM | I1: VASO | J1: FR | K1: MANUFACTURER | L1: CANNULA | M1: PERCUTANEOUS | N1: PRE-EXISTING
A2: 2124012963 | B2: =VLOOKUP($A2,ANAGRAFICA!$B$1:$G$306,2,FALSE) -> TARENZI | C2: =VLOOKUP($A2,ANAGRAFICA!$B$1:$G$306,3,FALSE) -> GIACOMO | D2: =VLOOKUP($A2,ANAGRAFICA!$B$1:$G$306,4,FALSE) -> 758-7 | E2: =VLOOKUP($A2,ANAGRAFICA!$B$1:$G$306,5,FALSE) -> 3272024073 | F2: =VLOOKUP($A2,ANAGRAFICA!$B$1:$G$306,6,FALSE) -> 2024 | G2: 1 | H2: DRAINAGE | I2: 5 LFV | J2: 23 | K2: Getinge | L2: 971 | M2: TRUE | N2: FALSE
A3: 2124012963 | B3: =VLOOKUP($A3,ANAGRAFICA!$B$1:$G$306,2,FALSE) -> TARENZI | C3: =VLOOKUP($A3,ANAGRAFICA!$B$1:$G$306,3,FALSE) -> GIACOMO | D3: =VLOOKUP($A3,ANAGRAFICA!$B$1:$G$306,4,FALSE) -> 758-7 | E3: =VLOOKUP($A3,ANAGRAFICA!$B$1:$G$306,5,FALSE) -> 3272024073 | F3: =VLOOKUP($A3,ANAGRAFICA!$B$1:$G$306,6,FALSE) -> 2024 | G3: 1 | H3: RETURN | I3: 11 RFA | J3: 17 | K3: Getinge | L3: 949 | M3: TRUE | N3: FALSE
A4: 2124014461 | B4: =VLOOKUP($A4,ANAGRAFICA!$B$1:$G$306,2,FALSE) -> FUMAGALLI | C4: =VLOOKUP($A4,ANAGRAFICA!$B$1:$G$306,3,FALSE) -> LUCA | D4: =VLOOKUP($A4,ANAGRAFICA!$B$1:$G$306,4,FALSE) -> 758-10 | E4: =VLOOKUP($A4,ANAGRAFICA!$B$1:$G$306,5,FALSE) -> 3272024076 | F4: =VLOOKUP($A4,ANAGRAFICA!$B$1:$G$306,6,FALSE) -> 2024 | G4: 1 | H4: DRAINAGE | I4: 5 LFV | J4: 25 | K4: Getinge | L4: 972 | M4: TRUE | N4: FALSE
A5: 2124014461 | B5: =VLOOKUP($A5,ANAGRAFICA!$B$1:$G$306,2,FALSE) -> FUMAGALLI | C5: =VLOOKUP($A5,ANAGRAFICA!$B$1:$G$306,3,FALSE) -> LUCA | D5: =VLOOKUP($A5,ANAGRAFICA!$B$1:$G$306,4,FALSE) -> 758-10 | E5: =VLOOKUP($A5,ANAGRAFICA!$B$1:$G$306,5,FALSE) -> 3272024076 | F5: =VLOOKUP($A5,ANAGRAFICA!$B$1:$G$306,6,FALSE) -> 2024 | G5: 1 | H5: RETURN | I5: 11 RFA | J5: 17 | K5: Getinge | L5: 949 | M5: TRUE | N5: FALSE
A6: 2123023299 | B6: =VLOOKUP($A6,ANAGRAFICA!$B$1:$G$306,2,FALSE) -> BEATRICE | C6: =VLOOKUP($A6,ANAGRAFICA!$B$1:$G$306,3,FALSE) -> GERARDINA | D6: =VLOOKUP($A6,ANAGRAFICA!$B$1:$G$306,4,FALSE) | E6: =VLOOKUP($A6,ANAGRAFICA!$B$1:$G$306,5,FALSE) -> 3272024098 | F6: =VLOOKUP($A6,ANAGRAFICA!$B$1:$G$306,6,FALSE) -> 2024 | G6: 1 | H6: DRAINAGE | I6: 5 LFV | J6: 21 | K6: Getinge | L6: 970 | M6: TRUE | N6: FALSE
A7: 2123023299 | B7: =VLOOKUP($A7,ANAGRAFICA!$B$1:$G$306,2,FALSE) -> BEATRICE | C7: =VLOOKUP($A7,ANAGRAFICA!$B$1:$G$306,3,FALSE) -> GERARDINA | D7: =VLOOKUP($A7,ANAGRAFICA!$B$1:$G$306,4,FALSE) | E7: =VLOOKUP($A7,ANAGRAFICA!$B$1:$G$306,5,FALSE) -> 3272024098 | F7: =VLOOKUP($A7,ANAGRAFICA!$B$1:$G$306,6,FALSE) -> 2024 | G7: 1 | H7: RETURN | I7: 11 RFA | J7: 15 | K7: Gentinge | L7: 948 | M7: TRUE | N7: FALSE
A8: 2124000149 | B8: =VLOOKUP($A8,ANAGRAFICA!$B$1:$G$306,2,FALSE) -> MOTTA | C8: =VLOOKUP($A8,ANAGRAFICA!$B$1:$G$306,3,FALSE) -> FABIO | D8: =VLOOKUP($A8,ANAGRAFICA!$B$1:$G$306,4,FALSE) | E8: =VLOOKUP($A8,ANAGRAFICA!$B$1:$G$306,5,FALSE) -> 3272024051 | F8: =VLOOKUP($A8,ANAGRAFICA!$B$1:$G$306,6,FALSE) -> 2024 | G8: 1 | H8: DRAINAGE | I8: 9 RA | J8: 32 | K8: single stage | M8: FALSE | N8: FALSE
A9: 2124000149 | B9: =VLOOKUP($A9,ANAGRAFICA!$B$1:$G$306,2,FALSE) -> MOTTA | C9: =VLOOKUP($A9,ANAGRAFICA!$B$1:$G$306,3,FALSE) -> FABIO | D9: =VLOOKUP($A9,ANAGRAFICA!$B$1:$G$306,4,FALSE) | E9: =VLOOKUP($A9,ANAGRAFICA!$B$1:$G$306,5,FALSE) -> 3272024051 | F9: =VLOOKUP($A9,ANAGRAFICA!$B$1:$G$306,6,FALSE) -> 2024 | G9: 1 | H9: RETURN | I9: 1 Aorta | J9: 22 | K9: Edwards | M9: FALSE | N9: FALSE
A10: 2124000241 | B10: =VLOOKUP($A10,ANAGRAFICA!$B$1:$G$306,2,FALSE) -> ISELLA | C10: =VLOOKUP($A10,ANAGRAFICA!$B$1:$G$306,3,FALSE) -> VINCENZO | D10: =VLOOKUP($A10,ANAGRAFICA!$B$1:$G$306,4,FALSE) | E10: =VLOOKUP($A10,ANAGRAFICA!$B$1:$G$306,5,FALSE) -> 3272024052 | F10: =VLOOKUP($A10,ANAGRAFICA!$B$1:$G$306,6,FALSE) -> 2024 | G10: 1 | H10: DRAINAGE | I10: 5 LFV | J10: 25 | K10: Gentinge | L10: 972 | M10: TRUE | N10: FALSE
A11: 2124000241 | B11: =VLOOKUP($A11,ANAGRAFICA!$B$1:$G$306,2,FALSE) -> ISELLA | C11: =VLOOKUP($A11,ANAGRAFICA!$B$1:$G$306,3,FALSE) -> VINCENZO | D11: =VLOOKUP($A11,ANAGRAFICA!$B$1:$G$306,4,FALSE) | E11: =VLOOKUP($A11,ANAGRAFICA!$B$1:$G$306,5,FALSE) -> 3272024052 | F11: =VLOOKUP($A11,ANAGRAFICA!$B$1:$G$306,6,FALSE) -> 2024 | G11: 1 | H11: RETURN | I11: 11 RFA | J11: 17 | K11: Gentinge | L11: 949 | M11: TRUE | N11: FALSE
A12: 2124000328 | B12: =VLOOKUP($A12,ANAGRAFICA!$B$1:$G$306,2,FALSE) -> LAVANGA | C12: =VLOOKUP($A12,ANAGRAFICA!$B$1:$G$306,3,FALSE) -> DONATO | D12: =VLOOKUP($A12,ANAGRAFICA!$B$1:$G$306,4,FALSE) | E12: =VLOOKUP($A12,ANAGRAFICA!$B$1:$G$306,5,FALSE) -> 3272024053 | F12: =VLOOKUP($A12,ANAGRAFICA!$B$1:$G$306,6,FALSE) -> 2024 | G12: 1 | H12: DRAINAGE | I12: 12 RFV | J12: 25 | K12: Gentinge | L12: 972 | M12: TRUE | N12: FALSE
A13: 2124000328 | B13: =VLOOKUP($A13,ANAGRAFICA!$B$1:$G$306,2,FALSE) -> LAVANGA | C13: =VLOOKUP($A13,ANAGRAFICA!$B$1:$G$306,3,FALSE) -> DONATO | D13: =VLOOKUP($A13,ANAGRAFICA!$B$1:$G$306,4,FALSE) | E13: =VLOOKUP($A13,ANAGRAFICA!$B$1:$G$306,5,FALSE) -> 3272024053 | F13: =VLOOKUP($A13,ANAGRAFICA!$B$1:$G$306,6,FALSE) -> 2024 | G13: 1 | H13: RETURN | I13: 4 LFA | J13: 17 | K13: Gentinge | L13: 949 | M13: TRUE | N13: FALSE
A14: 2124001121 | B14: =VLOOKUP($A14,ANAGRAFICA!$B$1:$G$306,2,FALSE) -> TIEGHI | C14: =VLOOKUP($A14,ANAGRAFICA!$B$1:$G$306,3,FALSE) -> MASSIMO | D14: =VLOOKUP($A14,ANAGRAFICA!$B$1:$G$306,4,FALSE) | E14: =VLOOKUP($A14,ANAGRAFICA!$B$1:$G$306,5,FALSE) -> 3272024054 | F14: =VLOOKUP($A14,ANAGRAFICA!$B$1:$G$306,6,FALSE) -> 2024 | G14: 1 | H14: DRAINAGE | I14: 12 RFV | J14: 25 | K14: Gentinge | L14: 972 | M14: TRUE | N14: FALSE
A15: 2124001121 | B15: =VLOOKUP($A15,ANAGRAFICA!$B$1:$G$306,2,FALSE) -> TIEGHI | C15: =VLOOKUP($A15,ANAGRAFICA!$B$1:$G$306,3,FALSE) -> MASSIMO | D15: =VLOOKUP($A15,ANAGRAFICA!$B$1:$G$306,4,FALSE) | E15: =VLOOKUP($A15,ANAGRAFICA!$B$1:$G$306,5,FALSE) -> 3272024054 | F15: =VLOOKUP($A15,ANAGRAFICA!$B$1:$G$306,6,FALSE) -> 2024 | G15: 1 | H15: RETURN | I15: 11 RFA | J15: 17 | K15: Gentinge | L15: 949 | M15: TRUE | N15: FALSE
A16: 2124016781 | B16: =VLOOKUP($A16,ANAGRAFICA!$B$1:$G$306,2,FALSE) -> TURNO ARTHEMALLE | C16: =VLOOKUP($A16,ANAGRAFICA!$B$1:$G$306,3,FALSE) -> ALICE | D16: =VLOOKUP($A16,ANAGRAFICA!$B$1:$G$306,4,FALSE) -> 758-12 | E16: =VLOOKUP($A16,ANAGRAFICA!$B$1:$G$306,5,FALSE) -> 3272024078 | F16: =VLOOKUP($A16,ANAGRAFICA!$B$1:$G$306,6,FALSE) -> 2024 | G16: 1 | H16: DRAINAGE | I16: 12 RFV | J16: 23 | K16: Getinge | L16: 971 | M16: TRUE | N16: FALSE
A17: 2124016781 | B17: =VLOOKUP($A17,ANAGRAFICA!$B$1:$G$306,2,FALSE) -> TURNO ARTHEMALLE | C17: =VLOOKUP($A17,ANAGRAFICA!$B$1:$G$306,3,FALSE) -> ALICE | D17: =VLOOKUP($A17,ANAGRAFICA!$B$1:$G$306,4,FALSE) -> 758-12 | E17: =VLOOKUP($A17,ANAGRAFICA!$B$1:$G$306,5,FALSE) -> 3272024078 | F17: =VLOOKUP($A17,ANAGRAFICA!$B$1:$G$306,6,FALSE) -> 2024 | G17: 1 | H17: RETURN | I17: 4 LFA | J17: 15 | K17: Getinge | L17: 948 | M17: TRUE | N17: FALSE
A18: 2124002215 | B18: =VLOOKUP($A18,ANAGRAFICA!$B$1:$G$306,2,FALSE) -> SCHIFANO | C18: =VLOOKUP($A18,ANAGRAFICA!$B$1:$G$306,3,FALSE) -> FRANCESCO | D18: =VLOOKUP($A18,ANAGRAFICA!$B$1:$G$306,4,FALSE) | E18: =VLOOKUP($A18,ANAGRAFICA!$B$1:$G$306,5,FALSE) -> 3272024055 | F18: =VLOOKUP($A18,ANAGRAFICA!$B$1:$G$306,6,FALSE) -> 2024 | G18: 1 | H18: DRAINAGE | I18: 12 RFV | J18: 21 | K18: Getinge | L18: 970 | M18: TRUE | N18: FALSE
A19: 2124002215 | B19: =VLOOKUP($A19,ANAGRAFICA!$B$1:$G$306,2,FALSE) -> SCHIFANO | C19: =VLOOKUP($A19,ANAGRAFICA!$B$1:$G$306,3,FALSE) -> FRANCESCO | D19: =VLOOKUP($A19,ANAGRAFICA!$B$1:$G$306,4,FALSE) | E19: =VLOOKUP($A19,ANAGRAFICA!$B$1:$G$306,5,FALSE) -> 3272024055 | F19: =VLOOKUP($A19,ANAGRAFICA!$B$1:$G$306,6,FALSE) -> 2024 | G19: 1 | H19: RETURN | I19: 4 LFA | J19: 15 | K19: Getinge | L19: 948 | M19: TRUE | N19: FALSE
A20: 2124202869 | B20: =VLOOKUP($A20,ANAGRAFICA!$B$1:$G$306,2,FALSE) -> VALSECCHI | C20: =VLOOKUP($A20,ANAGRAFICA!$B$1:$G$306,3,FALSE) -> ANDREA | D20: =VLOOKUP($A20,ANAGRAFICA!$B$1:$G$306,4,FALSE) | E20: =VLOOKUP($A20,ANAGRAFICA!$B$1:$G$306,5,FALSE) -> 3272024056 | F20: =VLOOKUP($A20,ANAGRAFICA!$B$1:$G$306,6,FALSE) -> 2024 | G20: 1 | H20: DRAINAGE | I20: 5 LFV | J20: 25 | K20: Getinge | L20: 972 | M20: TRUE | N20: FALSE
A21: 2124202869 | B21: =VLOOKUP($A21,ANAGRAFICA!$B$1:$G$306,2,FALSE) -> VALSECCHI | C21: =VLOOKUP($A21,ANAGRAFICA!$B$1:$G$306,3,FALSE) -> ANDREA | D21: =VLOOKUP($A21,ANAGRAFICA!$B$1:$G$306,4,FALSE) | E21: =VLOOKUP($A21,ANAGRAFICA!$B$1:$G$306,5,FALSE) -> 3272024056 | F21: =VLOOKUP($A21,ANAGRAFICA!$B$1:$G$306,6,FALSE) -> 2024 | G21: 1 | H21: RETURN | I21: 11 RFA | J21: 15 | K21: Getinge | L21: 948 | M21: TRUE | N21: FALSE
... A53: 2124008291 | B53: =VLOOKUP($A53,ANAGRAFICA!$B$1:$G$306,2,FALSE) -> FUMAGALLI | C53: =VLOOKUP($A53,ANAGRAFICA!$B$1:$G$306,3,FALSE) -> PIERO | D53: =VLOOKUP($A53,ANAGRAFICA!$B$1:$G$306,4,FALSE) | E53: =VLOOKUP($A53,ANAGRAFICA!$B$1:$G$306,5,FALSE) -> 3272024065 | F53: =VLOOKUP($A53,ANAGRAFICA!$B$1:$G$306,6,FALSE) -> 2024 | G53: 1 | H53: RETURN | I53: 11 RFA | J53: 17 | K53: Getinge | L53: 949 | M53: TRUE | N53: FALSE
A54: 2124206072 | B54: =VLOOKUP($A54,ANAGRAFICA!$B$1:$G$306,2,FALSE) -> CONSONNI | C54: =VLOOKUP($A54,ANAGRAFICA!$B$1:$G$306,3,FALSE) -> GIULIO | D54: =VLOOKUP($A54,ANAGRAFICA!$B$1:$G$306,4,FALSE) | E54: =VLOOKUP($A54,ANAGRAFICA!$B$1:$G$306,5,FALSE) -> 3272024064 | F54: =VLOOKUP($A54,ANAGRAFICA!$B$1:$G$306,6,FALSE) -> 2024 | G54: 1 | H54: RETURN | I54: 1 Aorta | J54: 22 | K54: Edwards | M54: FALSE | N54: FALSE
A55: 2124206072 | B55: =VLOOKUP($A55,ANAGRAFICA!$B$1:$G$306,2,FALSE) -> CONSONNI | C55: =VLOOKUP($A55,ANAGRAFICA!$B$1:$G$306,3,FALSE) -> GIULIO | D55: =VLOOKUP($A55,ANAGRAFICA!$B$1:$G$306,4,FALSE) | E55: =VLOOKUP($A55,ANAGRAFICA!$B$1:$G$306,5,FALSE) -> 3272024064 | F55: =VLOOKUP($A55,ANAGRAFICA!$B$1:$G$306,6,FALSE) -> 2024 | G55: 1 | H55: DRAINAGE | I55: 5 LFV | J55: 23 | K55: Getinge | L55: 971 | M55: FALSE | N55: FALSE
A56: 2124007138 | B56: =VLOOKUP($A56,ANAGRAFICA!$B$1:$G$306,2,FALSE) -> TARTARELLI | C56: =VLOOKUP($A56,ANAGRAFICA!$B$1:$G$306,3,FALSE) -> GIUSEPPE | D56: =VLOOKUP($A56,ANAGRAFICA!$B$1:$G$306,4,FALSE) | E56: =VLOOKUP($A56,ANAGRAFICA!$B$1:$G$306,5,FALSE) -> 3272024063 | F56: =VLOOKUP($A56,ANAGRAFICA!$B$1:$G$306,6,FALSE) -> 2024 | G56: 1 | H56: RETURN | I56: 4 LFA | J56: 15 | K56: Getinge | M56: TRUE | N56: FALSE
A57: 2124007138 | B57: =VLOOKUP($A57,ANAGRAFICA!$B$1:$G$306,2,FALSE) -> TARTARELLI | C57: =VLOOKUP($A57,ANAGRAFICA!$B$1:$G$306,3,FALSE) -> GIUSEPPE | D57: =VLOOKUP($A57,ANAGRAFICA!$B$1:$G$306,4,FALSE) | E57: =VLOOKUP($A57,ANAGRAFICA!$B$1:$G$306,5,FALSE) -> 3272024063 | F57: =VLOOKUP($A57,ANAGRAFICA!$B$1:$G$306,6,FALSE) -> 2024 | G57: 1 | H57: DRAINAGE | I57: 12 RFV | J57: 23 | K57: Getinge | M57: TRUE | N57: FALSE
A58: 2124008603 | B58: =VLOOKUP($A58,ANAGRAFICA!$B$1:$G$306,2,FALSE) -> MARIANI | C58: =VLOOKUP($A58,ANAGRAFICA!$B$1:$G$306,3,FALSE) -> MARCO | D58: =VLOOKUP($A58,ANAGRAFICA!$B$1:$G$306,4,FALSE) | E58: =VLOOKUP($A58,ANAGRAFICA!$B$1:$G$306,5,FALSE) -> 3272024066 | F58: =VLOOKUP($A58,ANAGRAFICA!$B$1:$G$306,6,FALSE) -> 2024 | G58: 1 | H58: DRAINAGE | I58: 12 RFV | J58: 23 | K58: Getinge | L58: 971 | M58: TRUE | N58: FALSE
A59: 2124008603 | B59: =VLOOKUP($A59,ANAGRAFICA!$B$1:$G$306,2,FALSE) -> MARIANI | C59: =VLOOKUP($A59,ANAGRAFICA!$B$1:$G$306,3,FALSE) -> MARCO | D59: =VLOOKUP($A59,ANAGRAFICA!$B$1:$G$306,4,FALSE) | E59: =VLOOKUP($A59,ANAGRAFICA!$B$1:$G$306,5,FALSE) -> 3272024066 | F59: =VLOOKUP($A59,ANAGRAFICA!$B$1:$G$306,6,FALSE) -> 2024 | G59: 1 | H59: RETURN | I59: 6 LIJV | J59: 17 | K59: Getinge | L59: 2316? | M59: TRUE | N59: TRUE
A60: 2124015827 | B60: =VLOOKUP($A60,ANAGRAFICA!$B$1:$G$306,2,FALSE) -> SCHIAVON | C60: =VLOOKUP($A60,ANAGRAFICA!$B$1:$G$306,3,FALSE) -> ELIO PAOLO | D60: =VLOOKUP($A60,ANAGRAFICA!$B$1:$G$306,4,FALSE) -> 758-11 | E60: =VLOOKUP($A60,ANAGRAFICA!$B$1:$G$306,5,FALSE) -> 3272024077 | F60: =VLOOKUP($A60,ANAGRAFICA!$B$1:$G$306,6,FALSE) -> 2024 | G60: 1 | H60: DRAINAGE | I60: 5 LFV | J60: 23 | K60: Getinge | L60: 971 | M60: TRUE | N60: FALSE
A61: 2124015827 | B61: =VLOOKUP($A61,ANAGRAFICA!$B$1:$G$306,2,FALSE) -> SCHIAVON | C61: =VLOOKUP($A61,ANAGRAFICA!$B$1:$G$306,3,FALSE) -> ELIO PAOLO | D61: =VLOOKUP($A61,ANAGRAFICA!$B$1:$G$306,4,FALSE) -> 758-11 | E61: =VLOOKUP($A61,ANAGRAFICA!$B$1:$G$306,5,FALSE) -> 3272024077 | F61: =VLOOKUP($A61,ANAGRAFICA!$B$1:$G$306,6,FALSE) -> 2024 | G61: 1 | H61: RETURN | I61: 4 LFA | J61: 17 | K61: Getinge | L61: 949 | M61: TRUE | N61: FALSE
A62: 2124005780 | B62: =VLOOKUP($A62,ANAGRAFICA!$B$1:$G$306,2,FALSE) -> SAINCIUC | C62: =VLOOKUP($A62,ANAGRAFICA!$B$1:$G$306,3,FALSE) -> AUREL | D62: =VLOOKUP($A62,ANAGRAFICA!$B$1:$G$306,4,FALSE) | E62: =VLOOKUP($A62,ANAGRAFICA!$B$1:$G$306,5,FALSE) -> 3272024061 | F62: =VLOOKUP($A62,ANAGRAFICA!$B$1:$G$306,6,FALSE) -> 2024 | G62: 1 | H62: DRAINAGE | I62: 5 LFV | J62: 23 | K62: Getinge | L62: 971 | M62: TRUE | N62: FALSE
A63: 2124005780 | B63: =VLOOKUP($A63,ANAGRAFICA!$B$1:$G$306,2,FALSE) -> SAINCIUC | C63: =VLOOKUP($A63,ANAGRAFICA!$B$1:$G$306,3,FALSE) -> AUREL | D63: =VLOOKUP($A63,ANAGRAFICA!$B$1:$G$306,4,FALSE) | E63: =VLOOKUP($A63,ANAGRAFICA!$B$1:$G$306,5,FALSE) -> 3272024061 | F63: =VLOOKUP($A63,ANAGRAFICA!$B$1:$G$306,6,FALSE) -> 2024 | G63: 1 | H63: RETURN | I63: 11 RFA | J63: 17 | K63: Getinge | L63: 949 | M63: TRUE | N63: FALSE
A64: 2124006081 | B64: =VLOOKUP($A64,ANAGRAFICA!$B$1:$G$306,2,FALSE) -> DOSSI | C64: =VLOOKUP($A64,ANAGRAFICA!$B$1:$G$306,3,FALSE) -> MAURIZIO ANTONIO | D64: =VLOOKUP($A64,ANAGRAFICA!$B$1:$G$306,4,FALSE) | E64: =VLOOKUP($A64,ANAGRAFICA!$B$1:$G$306,5,FALSE) -> 3272024062 | F64: =VLOOKUP($A64,ANAGRAFICA!$B$1:$G$306,6,FALSE) -> 2024 | G64: 1 | H64: DRAINAGE | I64: 9 RA | J64: 29 | K64: NA | M64: FALSE | N64: FALSE
A65: 2124006081 | B65: =VLOOKUP($A65,ANAGRAFICA!$B$1:$G$306,2,FALSE) -> DOSSI | C65: =VLOOKUP($A65,ANAGRAFICA!$B$1:$G$306,3,FALSE) -> MAURIZIO ANTONIO | D65: =VLOOKUP($A65,ANAGRAFICA!$B$1:$G$306,4,FALSE) | E65: =VLOOKUP($A65,ANAGRAFICA!$B$1:$G$306,5,FALSE) -> 3272024062 | F65: =VLOOKUP($A65,ANAGRAFICA!$B$1:$G$306,6,FALSE) -> 2024 | G65: 1 | H65: RETURN | I65: 1 Aorta | J65: 21 | K65: NA | M65: FALSE | N65: FALSE
A66: 2124004761 | B66: =VLOOKUP($A66,ANAGRAFICA!$B$1:$G$306,2,FALSE) -> TRAMPOLIN | C66: =VLOOKUP($A66,ANAGRAFICA!$B$1:$G$306,3,FALSE) -> FABIO | D66: =VLOOKUP($A66,ANAGRAFICA!$B$1:$G$306,4,FALSE) | E66: =VLOOKUP($A66,ANAGRAFICA!$B$1:$G$306,5,FALSE) -> 3272024060 | F66: =VLOOKUP($A66,ANAGRAFICA!$B$1:$G$306,6,FALSE) -> 2024 | G66: 1 | H66: DRAINAGE | I66: 12 RFV | J66: 23 | K66: Getinge | L66: 971 | M66: TRUE | N66: FALSE
A67: 2124004761 | B67: =VLOOKUP($A67,ANAGRAFICA!$B$1:$G$306,2,FALSE) -> TRAMPOLIN | C67: =VLOOKUP($A67,ANAGRAFICA!$B$1:$G$306,3,FALSE) -> FABIO | D67: =VLOOKUP($A67,ANAGRAFICA!$B$1:$G$306,4,FALSE) | E67: =VLOOKUP($A67,ANAGRAFICA!$B$1:$G$306,5,FALSE) -> 3272024060 | F67: =VLOOKUP($A67,ANAGRAFICA!$B$1:$G$306,6,FALSE) -> 2024 | G67: 1 | H67: RETURN | I67: 11 RFA | J67: 15 | K67: Getinge | L67: 948 | M67: TRUE | N67: FALSE
A68: 2124003924 | B68: =VLOOKUP($A68,ANAGRAFICA!$B$1:$G$306,2,FALSE) -> MUHAMMAD | C68: =VLOOKUP($A68,ANAGRAFICA!$B$1:$G$306,3,FALSE) -> SHARIF | D68: =VLOOKUP($A68,ANAGRAFICA!$B$1:$G$306,4,FALSE) | E68: =VLOOKUP($A68,ANAGRAFICA!$B$1:$G$306,5,FALSE) -> 3272024059 | F68: =VLOOKUP($A68,ANAGRAFICA!$B$1:$G$306,6,FALSE) -> 2024 | G68: 1 | H68: DRAINAGE | I68: 5 LFV | J68: 25 | K68: Getinge | L68: 972 | M68: TRUE | N68: FALSE
A69: 2124003924 | B69: =VLOOKUP($A69,ANAGRAFICA!$B$1:$G$306,2,FALSE) -> MUHAMMAD | C69: =VLOOKUP($A69,ANAGRAFICA!$B$1:$G$306,3,FALSE) -> SHARIF | D69: =VLOOKUP($A69,ANAGRAFICA!$B$1:$G$306,4,FALSE) | E69: =VLOOKUP($A69,ANAGRAFICA!$B$1:$G$306,5,FALSE) -> 3272024059 | F69: =VLOOKUP($A69,ANAGRAFICA!$B$1:$G$306,6,FALSE) -> 2024 | G69: 1 | H69: RETURN | I69: 11 RFA | J69: 17 | K69: Getinge | L69: 949 | M69: TRUE | N69: FALSE
A70: 2124206072 | B70: =VLOOKUP($A70,ANAGRAFICA!$B$1:$G$306,2,FALSE) -> CONSONNI | C70: =VLOOKUP($A70,ANAGRAFICA!$B$1:$G$306,3,FALSE) -> GIULIO | D70: =VLOOKUP($A70,ANAGRAFICA!$B$1:$G$306,4,FALSE) | E70: =VLOOKUP($A70,ANAGRAFICA!$B$1:$G$306,5,FALSE) -> 3272024064 | F70: =VLOOKUP($A70,ANAGRAFICA!$B$1:$G$306,6,FALSE) -> 2024 | G70: 2 | H70: DRAINAGE | I70: 5 LFV | J70: 23 | K70: Getinge | L70: 971 | M70: TRUE | N70: FALSE
A71: 2124206072 | B71: =VLOOKUP($A71,ANAGRAFICA!$B$1:$G$306,2,FALSE) -> CONSONNI | C71: =VLOOKUP($A71,ANAGRAFICA!$B$1:$G$306,3,FALSE) -> GIULIO | D71: =VLOOKUP($A71,ANAGRAFICA!$B$1:$G$306,4,FALSE) | E71: =VLOOKUP($A71,ANAGRAFICA!$B$1:$G$306,5,FALSE) -> 3272024064 | F71: =VLOOKUP($A71,ANAGRAFICA!$B$1:$G$306,6,FALSE) -> 2024 | G71: 2 | H71: RETURN | I71: 11 RFA | J71: 17 | K71: Getinge | L71: 948 | M71: TRUE | N71: FALSE
A72: 2124023603 | B72: =VLOOKUP($A72,ANAGRAFICA!$B$1:$G$306,2,FALSE) -> MAZZARDIS | C72: =VLOOKUP($A72,ANAGRAFICA!$B$1:$G$306,3,FALSE) -> DAVIDE | D72: =VLOOKUP($A72,ANAGRAFICA!$B$1:$G$306,4,FALSE) -> 758-19 | E72: =VLOOKUP($A72,ANAGRAFICA!$B$1:$G$306,5,FALSE) -> 3272024085 | F72: =VLOOKUP($A72,ANAGRAFICA!$B$1:$G$306,6,FALSE) -> 2024 | G72: 1 | H72: DRAINAGE | I72: 5 LFV | J72: 25 | K72: Getinge | L72: 972 | M72: TRUE | N72: FALSE
A73: 2124023603 | B73: =VLOOKUP($A73,ANAGRAFICA!$B$1:$G$306,2,FALSE) -> MAZZARDIS | C73: =VLOOKUP($A73,ANAGRAFICA!$B$1:$G$306,3,FALSE) -> DAVIDE | D73: =VLOOKUP($A73,ANAGRAFICA!$B$1:$G$306,4,FALSE) -> 758-19 | E73: =VLOOKUP($A73,ANAGRAFICA!$B$1:$G$306,5,FALSE) -> 3272024085 | F73: =VLOOKUP($A73,ANAGRAFICA!$B$1:$G$306,6,FALSE) -> 2024 | G73: 1 | H73: RETURN | I73: 11 RFA | J73: 17 | K73: Getinge | L73: 949 | M73: TRUE | N73: FALSE
A74: 2124011236 | B74: =VLOOKUP($A74,ANAGRAFICA!$B$1:$G$306,2,FALSE) -> BERETTA | C74: =VLOOKUP($A74,ANAGRAFICA!$B$1:$G$306,3,FALSE) -> ENZO LUCIANO | D74: =VLOOKUP($A74,ANAGRAFICA!$B$1:$G$306,4,FALSE) -> 758-3 | E74: =VLOOKUP($A74,ANAGRAFICA!$B$1:$G$306,5,FALSE) -> 3272024069 | F74: =VLOOKUP($A74,ANAGRAFICA!$B$1:$G$306,6,FALSE) -> 2024 | G74: 1 | H74: DRAINAGE | I74: 5 LFV | J74: 21 | K74: Getinge | L74: 970 | M74: TRUE | N74: FALSE
A75: 2124011236 | B75: =VLOOKUP($A75,ANAGRAFICA!$B$1:$G$306,2,FALSE) -> BERETTA | C75: =VLOOKUP($A75,ANAGRAFICA!$B$1:$G$306,3,FALSE) -> ENZO LUCIANO | D75: =VLOOKUP($A75,ANAGRAFICA!$B$1:$G$306,4,FALSE) -> 758-3 | E75: =VLOOKUP($A75,ANAGRAFICA!$B$1:$G$306,5,FALSE) -> 3272024069 | F75: =VLOOKUP($A75,ANAGRAFICA!$B$1:$G$306,6,FALSE) -> 2024 | G75: 1 | H75: RETURN | I75: 11 RFA | J75: 15 | K75: Getinge | L75: 948 | M75: TRUE | N75: FALSE
A76: 2124023603 | B76: =VLOOKUP($A76,ANAGRAFICA!$B$1:$G$306,2,FALSE) -> MAZZARDIS | C76: =VLOOKUP($A76,ANAGRAFICA!$B$1:$G$306,3,FALSE) -> DAVIDE | D76: =VLOOKUP($A76,ANAGRAFICA!$B$1:$G$306,4,FALSE) -> 758-19 | E76: =VLOOKUP($A76,ANAGRAFICA!$B$1:$G$306,5,FALSE) -> 3272024085 | F76: =VLOOKUP($A76,ANAGRAFICA!$B$1:$G$306,6,FALSE) -> 2024 | G76: 2 | H76: DRAINAGE | I76: 12 RFV | J76: 23 | K76: Getinge | L76: 970 | M76: TRUE | N76: FALSE
A77: 2124023603 | B77: =VLOOKUP($A77,ANAGRAFICA!$B$1:$G$306,2,FALSE) -> MAZZARDIS | C77: =VLOOKUP($A77,ANAGRAFICA!$B$1:$G$306,3,FALSE) -> DAVIDE | D77: =VLOOKUP($A77,ANAGRAFICA!$B$1:$G$306,4,FALSE) -> 758-19 | E77: =VLOOKUP($A77,ANAGRAFICA!$B$1:$G$306,5,FALSE) -> 3272024085 | F77: =VLOOKUP($A77,ANAGRAFICA!$B$1:$G$306,6,FALSE) -> 2024 | G77: 2 | H77: RETURN | I77: 4 LFA | J77: 17 | K77: Getinge | L77: 948 | M77: TRUE | N77: FALSE
... A81: 2124025195 | B81: =VLOOKUP($A81,ANAGRAFICA!$B$1:$G$306,2,FALSE) -> FAZIO | C81: =VLOOKUP($A81,ANAGRAFICA!$B$1:$G$306,3,FALSE) -> FRANCESCO ANTONIO | D81: =VLOOKUP($A81,ANAGRAFICA!$B$1:$G$306,4,FALSE) -> 758-21 | E81: =VLOOKUP($A81,ANAGRAFICA!$B$1:$G$306,5,FALSE) -> 3272024087 | F81: =VLOOKUP($A81,ANAGRAFICA!$B$1:$G$306,6,FALSE) -> 2024 | G81: 1 | H81: RETURN | I81: 11 RFA | J81: 17 | K81: Getinge | L81: 949 | M81: FALSE | N81: FALSE
A82: 2125000348 | B82: =VLOOKUP($A82,ANAGRAFICA!$B$1:$G$306,2,FALSE) -> SLAVKOVA | C82: =VLOOKUP($A82,ANAGRAFICA!$B$1:$G$306,3,FALSE) -> EVELINA PLAMENOVA | D82: =VLOOKUP($A82,ANAGRAFICA!$B$1:$G$306,4,FALSE) | E82: =VLOOKUP($A82,ANAGRAFICA!$B$1:$G$306,5,FALSE) -> 3272025051 | F82: =VLOOKUP($A82,ANAGRAFICA!$B$1:$G$306,6,FALSE) -> 2025 | G82: 1 | H82: DRAINAGE | I82: 5 LFV | J82: 23 | K82: Getinge | M82: TRUE | N82: TRUE
A83: 2125000348 | B83: =VLOOKUP($A83,ANAGRAFICA!$B$1:$G$306,2,FALSE) -> SLAVKOVA | C83: =VLOOKUP($A83,ANAGRAFICA!$B$1:$G$306,3,FALSE) -> EVELINA PLAMENOVA | D83: =VLOOKUP($A83,ANAGRAFICA!$B$1:$G$306,4,FALSE) | F83: =VLOOKUP($A83,ANAGRAFICA!$B$1:$G$306,6,FALSE) -> 2025 | G83: 1 | H83: RETURN | I83: 11 RFA | J83: 15 | K83: Getinge | M83: TRUE | N83: FALSE
A84: 2124025878 | B84: =VLOOKUP($A84,ANAGRAFICA!$B$1:$G$306,2,FALSE) -> PEDRONI | C84: =VLOOKUP($A84,ANAGRAFICA!$B$1:$G$306,3,FALSE) -> PIERANGELO | D84: =VLOOKUP($A84,ANAGRAFICA!$B$1:$G$306,4,FALSE) -> 758-22 | E84: =VLOOKUP($A84,ANAGRAFICA!$B$1:$G$306,5,FALSE) -> 3272024088 | F84: =VLOOKUP($A84,ANAGRAFICA!$B$1:$G$306,6,FALSE) -> 2024 | G84: 1 | H84: DRAINAGE | I84: 5 LFV | J84: 25 | K84: Getinge | M84: TRUE | N84: FALSE
A85: 2124025878 | B85: =VLOOKUP($A85,ANAGRAFICA!$B$1:$G$306,2,FALSE) -> PEDRONI | C85: =VLOOKUP($A85,ANAGRAFICA!$B$1:$G$306,3,FALSE) -> PIERANGELO | D85: =VLOOKUP($A85,ANAGRAFICA!$B$1:$G$306,4,FALSE) -> 758-22 | E85: =VLOOKUP($A85,ANAGRAFICA!$B$1:$G$306,5,FALSE) -> 3272024088 | F85: =VLOOKUP($A85,ANAGRAFICA!$B$1:$G$306,6,FALSE) -> 2024 | G85: 1 | H85: RETURN | I85: 11 RFA | J85: 17 | K85: Getinge | L85: 949 | M85: TRUE | N85: FALSE
A86: 2124208975 | B86: =VLOOKUP($A86,ANAGRAFICA!$B$1:$G$306,2,FALSE) -> FERRARO | C86: =VLOOKUP($A86,ANAGRAFICA!$B$1:$G$306,3,FALSE) -> DANIELE | D86: =VLOOKUP($A86,ANAGRAFICA!$B$1:$G$306,4,FALSE) | E86: =VLOOKUP($A86,ANAGRAFICA!$B$1:$G$306,5,FALSE) | F86: =VLOOKUP($A86,ANAGRAFICA!$B$1:$G$306,6,FALSE) -> 2024 | G86: 1 | H86: DRAINAGE | I86: 5 LFV | J86: 25 | K86: Getinge | L86: 972 | M86: TRUE | N86: FALSE
A87: 2124208975 | B87: =VLOOKUP($A87,ANAGRAFICA!$B$1:$G$306,2,FALSE) -> FERRARO | C87: =VLOOKUP($A87,ANAGRAFICA!$B$1:$G$306,3,FALSE) -> DANIELE | D87: =VLOOKUP($A87,ANAGRAFICA!$B$1:$G$306,4,FALSE) | E87: =VLOOKUP($A87,ANAGRAFICA!$B$1:$G$306,5,FALSE) | F87: =VLOOKUP($A87,ANAGRAFICA!$B$1:$G$306,6,FALSE) -> 2024 | G87: 1 | H87: RETURN | I87: 11 RFA | J87: 17 | K87: Getinge | L87: 949 | M87: TRUE | N87: FALSE
A88: 2124018611 | B88: =VLOOKUP($A88,ANAGRAFICA!$B$1:$G$306,2,FALSE) -> CURTO | C88: =VLOOKUP($A88,ANAGRAFICA!$B$1:$G$306,3,FALSE) -> ROBERTO | D88: =VLOOKUP($A88,ANAGRAFICA!$B$1:$G$306,4,FALSE) | E88: =VLOOKUP($A88,ANAGRAFICA!$B$1:$G$306,5,FALSE) | F88: =VLOOKUP($A88,ANAGRAFICA!$B$1:$G$306,6,FALSE) -> 2024 | G88: 1 | H88: DRAINAGE | I88: 12 RFV | J88: 25 | K88: Getinge | L88: 972 | M88: TRUE | N88: FALSE
A89: 2124018611 | B89: =VLOOKUP($A89,ANAGRAFICA!$B$1:$G$306,2,FALSE) -> CURTO | C89: =VLOOKUP($A89,ANAGRAFICA!$B$1:$G$306,3,FALSE) -> ROBERTO | D89: =VLOOKUP($A89,ANAGRAFICA!$B$1:$G$306,4,FALSE) | E89: =VLOOKUP($A89,ANAGRAFICA!$B$1:$G$306,5,FALSE) | F89: =VLOOKUP($A89,ANAGRAFICA!$B$1:$G$306,6,FALSE) -> 2024 | G89: 1 | H89: RETURN | I89: 11 RFA | J89: 17 | K89: Getinge | L89: 949 | M89: TRUE | N89: FALSE
A90: 2125004454 | B90: =VLOOKUP($A90,ANAGRAFICA!$B$1:$G$306,2,FALSE) -> ANTIGNANO | C90: =VLOOKUP($A90,ANAGRAFICA!$B$1:$G$306,3,FALSE) -> MAURO | D90: =VLOOKUP($A90,ANAGRAFICA!$B$1:$G$306,4,FALSE) -> 758-23 | E90: =VLOOKUP($A90,ANAGRAFICA!$B$1:$G$306,5,FALSE) -> 3272025052 | F90: =VLOOKUP($A90,ANAGRAFICA!$B$1:$G$306,6,FALSE) -> 2025 | G90: 1 | H90: DRAINAGE | I90: 12 RFV | J90: 23 | K90: Getinge | M90: TRUE | N90: FALSE
A91: 2125004454 | B91: =VLOOKUP($A91,ANAGRAFICA!$B$1:$G$306,2,FALSE) -> ANTIGNANO | C91: =VLOOKUP($A91,ANAGRAFICA!$B$1:$G$306,3,FALSE) -> MAURO | D91: =VLOOKUP($A91,ANAGRAFICA!$B$1:$G$306,4,FALSE) -> 758-23 | E91: =VLOOKUP($A91,ANAGRAFICA!$B$1:$G$306,5,FALSE) -> 3272025052 | F91: =VLOOKUP($A91,ANAGRAFICA!$B$1:$G$306,6,FALSE) -> 2025 | G91: 1 | H91: RETURN | I91: 11 RFA | J91: 15 | K91: Getinge | M91: TRUE | N91: FALSE
A92: 2125004867 | B92: =VLOOKUP($A92,ANAGRAFICA!$B$1:$G$306,2,FALSE) -> MARCONI | C92: =VLOOKUP($A92,ANAGRAFICA!$B$1:$G$306,3,FALSE) -> PIETRO VITTORIO | D92: =VLOOKUP($A92,ANAGRAFICA!$B$1:$G$306,4,FALSE) | E92: =VLOOKUP($A92,ANAGRAFICA!$B$1:$G$306,5,FALSE) -> 3272025053 | F92: =VLOOKUP($A92,ANAGRAFICA!$B$1:$G$306,6,FALSE) -> 2025 | G92: 1 | H92: DRAINAGE | I92: 5 LFV | J92: 25 | K92: Getinge | M92: FALSE | N92: FALSE
A93: 2125004867 | B93: =VLOOKUP($A93,ANAGRAFICA!$B$1:$G$306,2,FALSE) -> MARCONI | C93: =VLOOKUP($A93,ANAGRAFICA!$B$1:$G$306,3,FALSE) -> PIETRO VITTORIO | D93: =VLOOKUP($A93,ANAGRAFICA!$B$1:$G$306,4,FALSE) | E93: =VLOOKUP($A93,ANAGRAFICA!$B$1:$G$306,5,FALSE) -> 3272025053 | F93: =VLOOKUP($A93,ANAGRAFICA!$B$1:$G$306,6,FALSE) -> 2025 | G93: 1 | H93: RETURN | I93: 11 RFA | J93: 17 | K93: Getinge | M93: TRUE | N93: FALSE
A94: 2025010247 | B94: =VLOOKUP($A94,ANAGRAFICA!$B$1:$G$306,2,FALSE) -> TREMOLADA | C94: =VLOOKUP($A94,ANAGRAFICA!$B$1:$G$306,3,FALSE) -> MARCO | D94: =VLOOKUP($A94,ANAGRAFICA!$B$1:$G$306,4,FALSE) -> 758-25 | E94: =VLOOKUP($A94,ANAGRAFICA!$B$1:$G$306,5,FALSE) -> 3272025054 | F94: =VLOOKUP($A94,ANAGRAFICA!$B$1:$G$306,6,FALSE) -> 2025 | G94: 1 | H94: RETURN | I94: 4 LFA | J94: 19 | K94: Getinge | M94: TRUE | N94: TRUE
A95: 2025010247 | B95: =VLOOKUP($A95,ANAGRAFICA!$B$1:$G$306,2,FALSE) -> TREMOLADA | C95: =VLOOKUP($A95,ANAGRAFICA!$B$1:$G$306,3,FALSE) -> MARCO | D95: =VLOOKUP($A95,ANAGRAFICA!$B$1:$G$306,4,FALSE) -> 758-25 | E95: =VLOOKUP($A95,ANAGRAFICA!$B$1:$G$306,5,FALSE) -> 3272025054 | F95: =VLOOKUP($A95,ANAGRAFICA!$B$1:$G$306,6,FALSE) -> 2025 | G95: 1 | H95: DRAINAGE | I95: 5 LFV | J95: 25 | K95: Getinge | M95: TRUE | N95: TRUE
A96: 2025010247 | B96: =VLOOKUP($A96,ANAGRAFICA!$B$1:$G$306,2,FALSE) -> TREMOLADA | C96: =VLOOKUP($A96,ANAGRAFICA!$B$1:$G$306,3,FALSE) -> MARCO | D96: =VLOOKUP($A96,ANAGRAFICA!$B$1:$G$306,4,FALSE) -> 758-25 | E96: =VLOOKUP($A96,ANAGRAFICA!$B$1:$G$306,5,FALSE) -> 3272025054 | F96: =VLOOKUP($A96,ANAGRAFICA!$B$1:$G$306,6,FALSE) -> 2025 | G96: 2 | H96: RETURN | I96: 4 LFA | J96: 19 | K96: Getinge | M96: TRUE | N96: TRUE
A97: 2025010247 | B97: =VLOOKUP($A97,ANAGRAFICA!$B$1:$G$306,2,FALSE) -> TREMOLADA | C97: =VLOOKUP($A97,ANAGRAFICA!$B$1:$G$306,3,FALSE) -> MARCO | D97: =VLOOKUP($A97,ANAGRAFICA!$B$1:$G$306,4,FALSE) -> 758-25 | E97: =VLOOKUP($A97,ANAGRAFICA!$B$1:$G$306,5,FALSE) -> 3272025054 | F97: =VLOOKUP($A97,ANAGRAFICA!$B$1:$G$306,6,FALSE) -> 2025 | G97: 2 | H97: DRAINAGE | I97: 5 LFV | J97: 25 | K97: Getinge | M97: TRUE | N97: TRUE
A98: 2125020858 | B98: =VLOOKUP($A98,ANAGRAFICA!$B$1:$G$306,2,FALSE) -> FALVO | C98: =VLOOKUP($A98,ANAGRAFICA!$B$1:$G$306,3,FALSE) -> FRANCESCO | D98: =VLOOKUP($A98,ANAGRAFICA!$B$1:$G$306,4,FALSE) | E98: =VLOOKUP($A98,ANAGRAFICA!$B$1:$G$306,5,FALSE) -> 3272025055 | F98: =VLOOKUP($A98,ANAGRAFICA!$B$1:$G$306,6,FALSE) -> 2025 | G98: 1 | H98: DRAINAGE | I98: 5 LFV | J98: 23 | K98: Getinge | M98: TRUE | N98: FALSE
A99: 2125020858 | B99: =VLOOKUP($A99,ANAGRAFICA!$B$1:$G$306,2,FALSE) -> FALVO | C99: =VLOOKUP($A99,ANAGRAFICA!$B$1:$G$306,3,FALSE) -> FRANCESCO | D99: =VLOOKUP($A99,ANAGRAFICA!$B$1:$G$306,4,FALSE) | E99: =VLOOKUP($A99,ANAGRAFICA!$B$1:$G$306,5,FALSE) -> 3272025055 | F99: =VLOOKUP($A99,ANAGRAFICA!$B$1:$G$306,6,FALSE) -> 2025 | G99: 1 | H99: RETURN | I99: 4 LFA | J99: 17 | K99: Getinge | M99: TRUE | N99: FALSE
A100: 2125023093 | B100: =VLOOKUP($A100,ANAGRAFICA!$B$1:$G$306,2,FALSE) -> GHEZZI | C100: =VLOOKUP($A100,ANAGRAFICA!$B$1:$G$306,3,FALSE) -> FABIO | D100: =VLOOKUP($A100,ANAGRAFICA!$B$1:$G$306,4,FALSE) -> 758-28 | E100: =VLOOKUP($A100,ANAGRAFICA!$B$1:$G$306,5,FALSE) -> 3272025056 | F100: =VLOOKUP($A100,ANAGRAFICA!$B$1:$G$306,6,FALSE) -> 2025 | G100: 1 | H100: DRAINAGE | I100: 5 LFV | J100: 25 | K100: Getinge | M100: TRUE | N100: FALSE
A101: 2125023093 | B101: =VLOOKUP($A101,ANAGRAFICA!$B$1:$G$306,2,FALSE) -> GHEZZI | C101: =VLOOKUP($A101,ANAGRAFICA!$B$1:$G$306,3,FALSE) -> FABIO | D101: =VLOOKUP($A101,ANAGRAFICA!$B$1:$G$306,4,FALSE) -> 758-28 | E101: =VLOOKUP($A101,ANAGRAFICA!$B$1:$G$306,5,FALSE) -> 3272025056 | F101: =VLOOKUP($A101,ANAGRAFICA!$B$1:$G$306,6,FALSE) -> 2025 | G101: 1 | H101: RETURN | I101: 11 RFA | J101: 17 | K101: Getinge | M101: TRUE | N101: FALSE
... A118: 2125032902 | B118: =VLOOKUP($A118,ANAGRAFICA!$B$1:$G$306,2,FALSE) -> BRAIDA | C118: =VLOOKUP($A118,ANAGRAFICA!$B$1:$G$306,3,FALSE) -> ILARIO | D118: =VLOOKUP($A118,ANAGRAFICA!$B$1:$G$306,4,FALSE) -> 758-37 | E118: =VLOOKUP($A118,ANAGRAFICA!$B$1:$G$306,5,FALSE) -> 3272025063 | F118: =VLOOKUP($A118,ANAGRAFICA!$B$1:$G$306,6,FALSE) -> 2025 | G118: 1 | H118: RETURN | I118: 4 LFA | J118: 17 | K118: Getinge | M118: TRUE | N118: FALSE
A119: 2125032902 | B119: =VLOOKUP($A119,ANAGRAFICA!$B$1:$G$306,2,FALSE) -> BRAIDA | C119: =VLOOKUP($A119,ANAGRAFICA!$B$1:$G$306,3,FALSE) -> ILARIO | D119: =VLOOKUP($A119,ANAGRAFICA!$B$1:$G$306,4,FALSE) -> 758-37 | E119: =VLOOKUP($A119,ANAGRAFICA!$B$1:$G$306,5,FALSE) -> 3272025063 | F119: =VLOOKUP($A119,ANAGRAFICA!$B$1:$G$306,6,FALSE) -> 2025 | H119: DRAINAGE | I119: 12 RFV | J119: 25 | K119: Getinge | M119: TRUE | N119: FALSE
A120: 2125032653 | B120: =VLOOKUP($A120,ANAGRAFICA!$B$1:$G$306,2,FALSE) -> BAIOCCO | C120: =VLOOKUP($A120,ANAGRAFICA!$B$1:$G$306,3,FALSE) -> RICCARDO | D120: =VLOOKUP($A120,ANAGRAFICA!$B$1:$G$306,4,FALSE) | E120: =VLOOKUP($A120,ANAGRAFICA!$B$1:$G$306,5,FALSE) -> 3272025064 | F120: =VLOOKUP($A120,ANAGRAFICA!$B$1:$G$306,6,FALSE) -> 2025 | G120: 1 | H120: RETURN | I120: 11 RFA | J120: 17 | K120: Getinge | M120: TRUE | N120: FALSE
A121: 2125032653 | B121: =VLOOKUP($A121,ANAGRAFICA!$B$1:$G$306,2,FALSE) -> BAIOCCO | C121: =VLOOKUP($A121,ANAGRAFICA!$B$1:$G$306,3,FALSE) -> RICCARDO | D121: =VLOOKUP($A121,ANAGRAFICA!$B$1:$G$306,4,FALSE) | E121: =VLOOKUP($A121,ANAGRAFICA!$B$1:$G$306,5,FALSE) -> 3272025064 | F121: =VLOOKUP($A121,ANAGRAFICA!$B$1:$G$306,6,FALSE) -> 2025 | G121: 1 | H121: DRAINAGE | I121: 5 LFV | J121: 25 | K121: Gentinge | M121: TRUE | N121: FALSE
B122: =VLOOKUP($A122,ANAGRAFICA!$B$1:$G$306,2,FALSE) -> #N/A | C122: =VLOOKUP($A122,ANAGRAFICA!$B$1:$G$306,3,FALSE) -> #N/A | D122: =VLOOKUP($A122,ANAGRAFICA!$B$1:$G$306,4,FALSE) -> #N/A | E122: =VLOOKUP($A122,ANAGRAFICA!$B$1:$G$306,5,FALSE) -> #N/A | F122: =VLOOKUP($A122,ANAGRAFICA!$B$1:$G$306,6,FALSE) -> #N/A | M122: FALSE | N122: FALSE
A123: 2125037955 | B123: =VLOOKUP($A123,ANAGRAFICA!$B$1:$G$306,2,FALSE) -> MANNINO | C123: =VLOOKUP($A123,ANAGRAFICA!$B$1:$G$306,3,FALSE) -> ANDREA | D123: =VLOOKUP($A123,ANAGRAFICA!$B$1:$G$306,4,FALSE) -> 758-39 | E123: =VLOOKUP($A123,ANAGRAFICA!$B$1:$G$306,5,FALSE) -> 3272025066 | F123: =VLOOKUP($A123,ANAGRAFICA!$B$1:$G$306,6,FALSE) -> 2025 | G123: 1 | H123: DRAINAGE | I123: 5 LFV | J123: 23 | M123: TRUE | N123: FALSE
A124: 2125037955 | B124: =VLOOKUP($A124,ANAGRAFICA!$B$1:$G$306,2,FALSE) -> MANNINO | C124: =VLOOKUP($A124,ANAGRAFICA!$B$1:$G$306,3,FALSE) -> ANDREA | D124: =VLOOKUP($A124,ANAGRAFICA!$B$1:$G$306,4,FALSE) -> 758-39 | E124: =VLOOKUP($A124,ANAGRAFICA!$B$1:$G$306,5,FALSE) -> 3272025066 | F124: =VLOOKUP($A124,ANAGRAFICA!$B$1:$G$306,6,FALSE) -> 2025 | G124: 1 | H124: RETURN | I124: 11 RFA | J124: 15 | M124: TRUE | N124: FALSE
A125: 2125037955 | B125: =VLOOKUP($A125,ANAGRAFICA!$B$1:$G$306,2,FALSE) -> MANNINO | C125: =VLOOKUP($A125,ANAGRAFICA!$B$1:$G$306,3,FALSE) -> ANDREA | D125: =VLOOKUP($A125,ANAGRAFICA!$B$1:$G$306,4,FALSE) -> 758-39 | E125: =VLOOKUP($A125,ANAGRAFICA!$B$1:$G$306,5,FALSE) -> 3272025066 | F125: =VLOOKUP($A125,ANAGRAFICA!$B$1:$G$306,6,FALSE) -> 2025 | G125: 2 | H125: DRAINAGE | I125: 5 LFV | J125: 23 | M125: TRUE | N125: FALSE
A126: 2125037955 | B126: =VLOOKUP($A126,ANAGRAFICA!$B$1:$G$306,2,FALSE) -> MANNINO | C126: =VLOOKUP($A126,ANAGRAFICA!$B$1:$G$306,3,FALSE) -> ANDREA | D126: =VLOOKUP($A126,ANAGRAFICA!$B$1:$G$306,4,FALSE) -> 758-39 | E126: =VLOOKUP($A126,ANAGRAFICA!$B$1:$G$306,5,FALSE) -> 3272025066 | F126: =VLOOKUP($A126,ANAGRAFICA!$B$1:$G$306,6,FALSE) -> 2025 | G126: 2 | H126: RETURN | I126: 11 RFA | J126: 15 | M126: TRUE | N126: FALSE
A127: 2125037782 | B127: =VLOOKUP($A127,ANAGRAFICA!$B$1:$G$306,2,FALSE) -> GILARDI | C127: =VLOOKUP($A127,ANAGRAFICA!$B$1:$G$306,3,FALSE) -> CARLO VIRGINIO | D127: =VLOOKUP($A127,ANAGRAFICA!$B$1:$G$306,4,FALSE) -> 758-38 | E127: =VLOOKUP($A127,ANAGRAFICA!$B$1:$G$306,5,FALSE) -> 3272025065 | F127: =VLOOKUP($A127,ANAGRAFICA!$B$1:$G$306,6,FALSE) -> 2025 | G127: 1 | H127: DRAINAGE | I127: 5 LFV | J127: 23 | M127: FALSE | N127: FALSE
A128: 2125037782 | B128: =VLOOKUP($A128,ANAGRAFICA!$B$1:$G$306,2,FALSE) -> GILARDI | C128: =VLOOKUP($A128,ANAGRAFICA!$B$1:$G$306,3,FALSE) -> CARLO VIRGINIO | D128: =VLOOKUP($A128,ANAGRAFICA!$B$1:$G$306,4,FALSE) -> 758-38 | E128: =VLOOKUP($A128,ANAGRAFICA!$B$1:$G$306,5,FALSE) -> 3272025065 | F128: =VLOOKUP($A128,ANAGRAFICA!$B$1:$G$306,6,FALSE) -> 2025 | G128: 1 | H128: RETURN | I128: 11 RFA | J128: 17 | M128: FALSE | N128: FALSE
A129: 2125040106 | B129: =VLOOKUP($A129,ANAGRAFICA!$B$1:$G$306,2,FALSE) -> COLNAGHI | C129: =VLOOKUP($A129,ANAGRAFICA!$B$1:$G$306,3,FALSE) -> EUGENIO PIERO | D129: =VLOOKUP($A129,ANAGRAFICA!$B$1:$G$306,4,FALSE) -> 758-41 | E129: =VLOOKUP($A129,ANAGRAFICA!$B$1:$G$306,5,FALSE) -> 3272025068 | F129: =VLOOKUP($A129,ANAGRAFICA!$B$1:$G$306,6,FALSE) -> 2025 | G129: 1 | H129: RETURN | I129: 11 RFA | J129: 15 | K129: Getinge | M129: TRUE | N129: FALSE
A130: 2125040106 | B130: =VLOOKUP($A130,ANAGRAFICA!$B$1:$G$306,2,FALSE) -> COLNAGHI | C130: =VLOOKUP($A130,ANAGRAFICA!$B$1:$G$306,3,FALSE) -> EUGENIO PIERO | D130: =VLOOKUP($A130,ANAGRAFICA!$B$1:$G$306,4,FALSE) -> 758-41 | E130: =VLOOKUP($A130,ANAGRAFICA!$B$1:$G$306,5,FALSE) -> 3272025068 | F130: =VLOOKUP($A130,ANAGRAFICA!$B$1:$G$306,6,FALSE) -> 2025 | G130: 1 | H130: DRAINAGE | I130: 5 LFV | J130: 23 | M130: FALSE | N130: FALSE
A131: 2125040052 | B131: =VLOOKUP($A131,ANAGRAFICA!$B$1:$G$306,2,FALSE) -> TODESCATO | C131: =VLOOKUP($A131,ANAGRAFICA!$B$1:$G$306,3,FALSE) -> GIANLUCA | D131: =VLOOKUP($A131,ANAGRAFICA!$B$1:$G$306,4,FALSE) -> 758-40 | E131: =VLOOKUP($A131,ANAGRAFICA!$B$1:$G$306,5,FALSE) -> 3272025067 | F131: =VLOOKUP($A131,ANAGRAFICA!$B$1:$G$306,6,FALSE) -> 2025 | G131: 1 | H131: DRAINAGE | I131: 9 RA | J131: 36/46 | K131: Edwards | L131: els dual stage 36/46 | M131: FALSE | N131: TRUE
A132: 2125040052 | B132: =VLOOKUP($A132,ANAGRAFICA!$B$1:$G$306,2,FALSE) -> TODESCATO | C132: =VLOOKUP($A132,ANAGRAFICA!$B$1:$G$306,3,FALSE) -> GIANLUCA | D132: =VLOOKUP($A132,ANAGRAFICA!$B$1:$G$306,4,FALSE) -> 758-40 | E132: =VLOOKUP($A132,ANAGRAFICA!$B$1:$G$306,5,FALSE) -> 3272025067 | F132: =VLOOKUP($A132,ANAGRAFICA!$B$1:$G$306,6,FALSE) -> 2025 | G132: 1 | H132: RETURN | I132: 4 LFA | J132: 19 | M132: TRUE | N132: FALSE
A133: 2125040835 | B133: =VLOOKUP($A133,ANAGRAFICA!$B$1:$G$306,2,FALSE) -> PESACANE | C133: =VLOOKUP($A133,ANAGRAFICA!$B$1:$G$306,3,FALSE) -> MATTEO VALERIO | D133: =VLOOKUP($A133,ANAGRAFICA!$B$1:$G$306,4,FALSE) -> 758-42 | E133: =VLOOKUP($A133,ANAGRAFICA!$B$1:$G$306,5,FALSE) -> 3272025069 | F133: =VLOOKUP($A133,ANAGRAFICA!$B$1:$G$306,6,FALSE) -> 2025 | G133: 1 | H133: DRAINAGE | I133: 5 LFV | J133: 23 | M133: TRUE | N133: FALSE
A134: 2125040835 | B134: =VLOOKUP($A134,ANAGRAFICA!$B$1:$G$306,2,FALSE) -> PESACANE | C134: =VLOOKUP($A134,ANAGRAFICA!$B$1:$G$306,3,FALSE) -> MATTEO VALERIO | D134: =VLOOKUP($A134,ANAGRAFICA!$B$1:$G$306,4,FALSE) -> 758-42 | E134: =VLOOKUP($A134,ANAGRAFICA!$B$1:$G$306,5,FALSE) -> 3272025069 | F134: =VLOOKUP($A134,ANAGRAFICA!$B$1:$G$306,6,FALSE) -> 2025 | G134: 1 | H134: RETURN | I134: 11 RFA | J134: 17 | M134: TRUE | N134: FALSE
A135: 2125042368 | B135: =VLOOKUP($A135,ANAGRAFICA!$B$1:$G$306,2,FALSE) -> MARKOVIC | C135: =VLOOKUP($A135,ANAGRAFICA!$B$1:$G$306,3,FALSE) -> BRANKO | D135: =VLOOKUP($A135,ANAGRAFICA!$B$1:$G$306,4,FALSE) -> 758-43 | E135: =VLOOKUP($A135,ANAGRAFICA!$B$1:$G$306,5,FALSE) -> 3272025070 | F135: =VLOOKUP($A135,ANAGRAFICA!$B$1:$G$306,6,FALSE) -> 2025 | G135: 1 | H135: DRAINAGE | I135: 5 LFV | J135: 23 | M135: FALSE | N135: FALSE
A136: 2125042368 | B136: =VLOOKUP($A136,ANAGRAFICA!$B$1:$G$306,2,FALSE) -> MARKOVIC | C136: =VLOOKUP($A136,ANAGRAFICA!$B$1:$G$306,3,FALSE) -> BRANKO | D136: =VLOOKUP($A136,ANAGRAFICA!$B$1:$G$306,4,FALSE) -> 758-43 | E136: =VLOOKUP($A136,ANAGRAFICA!$B$1:$G$306,5,FALSE) -> 3272025070 | F136: =VLOOKUP($A136,ANAGRAFICA!$B$1:$G$306,6,FALSE) -> 2025 | G136: 1 | H136: RETURN | I136: 11 RFA | J136: 17 | M136: TRUE | N136: FALSE
A137: 2125046195 | B137: =VLOOKUP($A137,ANAGRAFICA!$B$1:$G$306,2,FALSE) -> CASILLO | C137: =VLOOKUP($A137,ANAGRAFICA!$B$1:$G$306,3,FALSE) -> SALVATORE | D137: =VLOOKUP($A137,ANAGRAFICA!$B$1:$G$306,4,FALSE) -> 758-44 | E137: =VLOOKUP($A137,ANAGRAFICA!$B$1:$G$306,5,FALSE) -> 3272025071 | F137: =VLOOKUP($A137,ANAGRAFICA!$B$1:$G$306,6,FALSE) -> 2025 | G137: 1 | H137: DRAINAGE | I137: 12 RFV | J137: 23 | M137: TRUE | N137: FALSE
A138: 2125046195 | B138: =VLOOKUP($A138,ANAGRAFICA!$B$1:$G$306,2,FALSE) -> CASILLO | C138: =VLOOKUP($A138,ANAGRAFICA!$B$1:$G$306,3,FALSE) -> SALVATORE | D138: =VLOOKUP($A138,ANAGRAFICA!$B$1:$G$306,4,FALSE) -> 758-44 | E138: =VLOOKUP($A138,ANAGRAFICA!$B$1:$G$306,5,FALSE) -> 3272025071 | F138: =VLOOKUP($A138,ANAGRAFICA!$B$1:$G$306,6,FALSE) -> 2025 | G138: 1 | H138: RETURN | I138: 4 LFA | J138: 17 | M138: TRUE | N138: FALSE
A139: 2125051424 | B139: =VLOOKUP($A139,ANAGRAFICA!$B$1:$G$306,2,FALSE) -> CASABURI | C139: =VLOOKUP($A139,ANAGRAFICA!$B$1:$G$306,3,FALSE) -> ERRICO | D139: =VLOOKUP($A139,ANAGRAFICA!$B$1:$G$306,4,FALSE) -> 758-45 | E139: =VLOOKUP($A139,ANAGRAFICA!$B$1:$G$306,5,FALSE) -> 3272025072 | F139: =VLOOKUP($A139,ANAGRAFICA!$B$1:$G$306,6,FALSE) -> 2025 | G139: 1 | H139: DRAINAGE | I139: 12 RFV | J139: 25 | M139: FALSE | N139: FALSE
A140: 2125051424 | B140: =VLOOKUP($A140,ANAGRAFICA!$B$1:$G$306,2,FALSE) -> CASABURI | C140: =VLOOKUP($A140,ANAGRAFICA!$B$1:$G$306,3,FALSE) -> ERRICO | D140: =VLOOKUP($A140,ANAGRAFICA!$B$1:$G$306,4,FALSE) -> 758-45 | E140: =VLOOKUP($A140,ANAGRAFICA!$B$1:$G$306,5,FALSE) -> 3272025072 | F140: =VLOOKUP($A140,ANAGRAFICA!$B$1:$G$306,6,FALSE) -> 2025 | G140: 1 | H140: RETURN | I140: 11 RFA | J140: 17 | M140: TRUE | N140: FALSE
A141: 2125052700 | B141: =VLOOKUP($A141,ANAGRAFICA!$B$1:$G$306,2,FALSE) -> GADDA | C141: =VLOOKUP($A141,ANAGRAFICA!$B$1:$G$306,3,FALSE) -> LILIANA | D141: =VLOOKUP($A141,ANAGRAFICA!$B$1:$G$306,4,FALSE) -> 758-46 | E141: =VLOOKUP($A141,ANAGRAFICA!$B$1:$G$306,5,FALSE) -> 3272025073 | F141: =VLOOKUP($A141,ANAGRAFICA!$B$1:$G$306,6,FALSE) -> 2025 | G141: 1 | H141: RETURN | I141: 4 LFA | J141: 17 | M141: FALSE | N141: FALSE
A142: 2125052700 | B142: =VLOOKUP($A142,ANAGRAFICA!$B$1:$G$306,2,FALSE) -> GADDA | C142: =VLOOKUP($A142,ANAGRAFICA!$B$1:$G$306,3,FALSE) -> LILIANA | D142: =VLOOKUP($A142,ANAGRAFICA!$B$1:$G$306,4,FALSE) -> 758-46 | E142: =VLOOKUP($A142,ANAGRAFICA!$B$1:$G$306,5,FALSE) -> 3272025073 | F142: =VLOOKUP($A142,ANAGRAFICA!$B$1:$G$306,6,FALSE) -> 2025 | G142: 1 | H142: DRAINAGE | I142: 5 LFV | J142: 23 | M142: FALSE | N142: FALSE
A143: 2125053097 | B143: =VLOOKUP($A143,ANAGRAFICA!$B$1:$G$306,2,FALSE) -> LISSONI | C143: =VLOOKUP($A143,ANAGRAFICA!$B$1:$G$306,3,FALSE) -> ALESSANDRA | D143: =VLOOKUP($A143,ANAGRAFICA!$B$1:$G$306,4,FALSE) -> 758-47 | E143: =VLOOKUP($A143,ANAGRAFICA!$B$1:$G$306,5,FALSE) -> 3272025074 | F143: =VLOOKUP($A143,ANAGRAFICA!$B$1:$G$306,6,FALSE) -> 2025 | G143: 1 | H143: DRAINAGE | I143: 12 RFV | J143: 23 | M143: FALSE | N143: FALSE
... A151: 2126002771 | B151: =VLOOKUP($A151,ANAGRAFICA!$B$1:$G$306,2,FALSE) -> LONGOBARDI | C151: =VLOOKUP($A151,ANAGRAFICA!$B$1:$G$306,3,FALSE) -> FRANCESCO | D151: =VLOOKUP($A151,ANAGRAFICA!$B$1:$G$306,4,FALSE) -> 758-52 | E151: =VLOOKUP($A151,ANAGRAFICA!$B$1:$G$306,5,FALSE) | F151: =VLOOKUP($A151,ANAGRAFICA!$B$1:$G$306,6,FALSE) -> 2026 | G151: 1 | H151: RETURN | I151: 11 RFA | J151: 23 | M151: TRUE | N151: FALSE
A152: 2126002771 | B152: =VLOOKUP($A152,ANAGRAFICA!$B$1:$G$306,2,FALSE) -> LONGOBARDI | C152: =VLOOKUP($A152,ANAGRAFICA!$B$1:$G$306,3,FALSE) -> FRANCESCO | D152: =VLOOKUP($A152,ANAGRAFICA!$B$1:$G$306,4,FALSE) -> 758-52 | E152: =VLOOKUP($A152,ANAGRAFICA!$B$1:$G$306,5,FALSE) | F152: =VLOOKUP($A152,ANAGRAFICA!$B$1:$G$306,6,FALSE) -> 2026 | G152: 1 | H152: DRAINAGE | M152: FALSE | N152: FALSE
A153: 2126001104 | B153: =VLOOKUP($A153,ANAGRAFICA!$B$1:$G$306,2,FALSE) -> LOREGGIA | C153: =VLOOKUP($A153,ANAGRAFICA!$B$1:$G$306,3,FALSE) -> GIAN MARCO | D153: =VLOOKUP($A153,ANAGRAFICA!$B$1:$G$306,4,FALSE) -> 758-51 | E153: =VLOOKUP($A153,ANAGRAFICA!$B$1:$G$306,5,FALSE) | F153: =VLOOKUP($A153,ANAGRAFICA!$B$1:$G$306,6,FALSE) -> 2026 | G153: 1 | H153: RETURN | I153: 11 RFA | J153: 17 | M153: TRUE | N153: FALSE
A154: 2126001104 | B154: =VLOOKUP($A154,ANAGRAFICA!$B$1:$G$306,2,FALSE) -> LOREGGIA | C154: =VLOOKUP($A154,ANAGRAFICA!$B$1:$G$306,3,FALSE) -> GIAN MARCO | D154: =VLOOKUP($A154,ANAGRAFICA!$B$1:$G$306,4,FALSE) -> 758-51 | E154: =VLOOKUP($A154,ANAGRAFICA!$B$1:$G$306,5,FALSE) | F154: =VLOOKUP($A154,ANAGRAFICA!$B$1:$G$306,6,FALSE) -> 2026 | G154: 1 | H154: DRAINAGE | I154: 5 LFV | J154: 25 | M154: TRUE | N154: FALSE
B155: =VLOOKUP($A155,ANAGRAFICA!$B$1:$G$306,2,FALSE) -> #N/A | C155: =VLOOKUP($A155,ANAGRAFICA!$B$1:$G$306,3,FALSE) -> #N/A | D155: =VLOOKUP($A155,ANAGRAFICA!$B$1:$G$306,4,FALSE) -> #N/A | E155: =VLOOKUP($A155,ANAGRAFICA!$B$1:$G$306,5,FALSE) -> #N/A | F155: =VLOOKUP($A155,ANAGRAFICA!$B$1:$G$306,6,FALSE) -> #N/A | M155: FALSE | N155: FALSE
B156: =VLOOKUP($A156,ANAGRAFICA!$B$1:$G$306,2,FALSE) -> #N/A | C156: =VLOOKUP($A156,ANAGRAFICA!$B$1:$G$306,3,FALSE) -> #N/A | D156: =VLOOKUP($A156,ANAGRAFICA!$B$1:$G$306,4,FALSE) -> #N/A | E156: =VLOOKUP($A156,ANAGRAFICA!$B$1:$G$306,5,FALSE) -> #N/A | F156: =VLOOKUP($A156,ANAGRAFICA!$B$1:$G$306,6,FALSE) -> #N/A | M156: FALSE | N156: FALSE
B157: =VLOOKUP($A157,ANAGRAFICA!$B$1:$G$306,2,FALSE) -> #N/A | C157: =VLOOKUP($A157,ANAGRAFICA!$B$1:$G$306,3,FALSE) -> #N/A | D157: =VLOOKUP($A157,ANAGRAFICA!$B$1:$G$306,4,FALSE) -> #N/A | E157: =VLOOKUP($A157,ANAGRAFICA!$B$1:$G$306,5,FALSE) -> #N/A | F157: =VLOOKUP($A157,ANAGRAFICA!$B$1:$G$306,6,FALSE) -> #N/A | M157: FALSE | N157: FALSE
...

Sheet PROCEDURES
A1: SDO | B1: COGNOME | C1: NOME | D1: ECMO LENS | E1: ELSO | F1: ANNO | G1: RUN | H1: PROCEDURA | I1: DATA | J1: ORA | K1: TIMING ESATTO
A2: 2123023299 | B2: =VLOOKUP($A2,ANAGRAFICA!$B$1:$G$306,2,FALSE) -> BEATRICE | C2: =VLOOKUP($A2,ANAGRAFICA!$B$1:$G$306,3,FALSE) -> GERARDINA | D2: =VLOOKUP($A2,ANAGRAFICA!$B$1:$G$306,4,FALSE) | E2: =VLOOKUP($A2,ANAGRAFICA!$B$1:$G$306,5,FALSE) -> 3272024098 | F2: =VLOOKUP($A2,ANAGRAFICA!$B$1:$G$306,6,FALSE) -> 2024 | G2: 1 | H2: 99184 Initiation of total body hypothermia | I2: 45293 | J2: 00:00 | K2: FALSE
A3: 2123023299 | B3: =VLOOKUP($A3,ANAGRAFICA!$B$1:$G$306,2,FALSE) -> BEATRICE | C3: =VLOOKUP($A3,ANAGRAFICA!$B$1:$G$306,3,FALSE) -> GERARDINA | D3: =VLOOKUP($A3,ANAGRAFICA!$B$1:$G$306,4,FALSE) | E3: =VLOOKUP($A3,ANAGRAFICA!$B$1:$G$306,5,FALSE) -> 3272024098 | F3: =VLOOKUP($A3,ANAGRAFICA!$B$1:$G$306,6,FALSE) -> 2024 | G3: 1 | H3: 90947 Dialysis procedure other than hemodialysis requiring repeated physician evaluations with substantial revision of dialysis prescription | I3: 45293 | J3: 00:00 | K3: FALSE
A4: 2124000149 | B4: =VLOOKUP($A4,ANAGRAFICA!$B$1:$G$306,2,FALSE) -> MOTTA | C4: =VLOOKUP($A4,ANAGRAFICA!$B$1:$G$306,3,FALSE) -> FABIO | D4: =VLOOKUP($A4,ANAGRAFICA!$B$1:$G$306,4,FALSE) | E4: =VLOOKUP($A4,ANAGRAFICA!$B$1:$G$306,5,FALSE) -> 3272024051 | F4: =VLOOKUP($A4,ANAGRAFICA!$B$1:$G$306,6,FALSE) -> 2024 | G4: 1 | H4: 33999 Cardiac surgery procedure | I4: 45296 | J4: 04:30 | K4: TRUE
A5: 2124000149 | B5: =VLOOKUP($A5,ANAGRAFICA!$B$1:$G$306,2,FALSE) -> MOTTA | C5: =VLOOKUP($A5,ANAGRAFICA!$B$1:$G$306,3,FALSE) -> FABIO | D5: =VLOOKUP($A5,ANAGRAFICA!$B$1:$G$306,4,FALSE) | E5: =VLOOKUP($A5,ANAGRAFICA!$B$1:$G$306,5,FALSE) -> 3272024051 | F5: =VLOOKUP($A5,ANAGRAFICA!$B$1:$G$306,6,FALSE) -> 2024 | G5: 1 | H5: 36823 Removal of arterial and venous cannulas and repair of arteriotomy and venotomy sites | I5: 45299 | J5: 10:30 | K5: TRUE
A6: 2124000241 | B6: =VLOOKUP($A6,ANAGRAFICA!$B$1:$G$306,2,FALSE) -> ISELLA | C6: =VLOOKUP($A6,ANAGRAFICA!$B$1:$G$306,3,FALSE) -> VINCENZO | D6: =VLOOKUP($A6,ANAGRAFICA!$B$1:$G$306,4,FALSE) | E6: =VLOOKUP($A6,ANAGRAFICA!$B$1:$G$306,5,FALSE) -> 3272024052 | F6: =VLOOKUP($A6,ANAGRAFICA!$B$1:$G$306,6,FALSE) -> 2024 | G6: 1 | H6: 99184 Initiation of total body hypothermia | I6: 45296 | J6: 15:00 | K6: TRUE
A7: 2124000241 | B7: =VLOOKUP($A7,ANAGRAFICA!$B$1:$G$306,2,FALSE) -> ISELLA | C7: =VLOOKUP($A7,ANAGRAFICA!$B$1:$G$306,3,FALSE) -> VINCENZO | D7: =VLOOKUP($A7,ANAGRAFICA!$B$1:$G$306,4,FALSE) | E7: =VLOOKUP($A7,ANAGRAFICA!$B$1:$G$306,5,FALSE) -> 3272024052 | F7: =VLOOKUP($A7,ANAGRAFICA!$B$1:$G$306,6,FALSE) -> 2024 | G7: 1 | H7: 93455 Catheter placement in coronary artery(s) for coronary angiography, including intraprocedural injections for coronary angiography, imaging supervision and interpretation with catheter placements in bypass grafts including intraprocedural injections fo | I7: 45296 | J7: 13:18 | K7: TRUE
A8: 2124000328 | B8: =VLOOKUP($A8,ANAGRAFICA!$B$1:$G$306,2,FALSE) -> LAVANGA | C8: =VLOOKUP($A8,ANAGRAFICA!$B$1:$G$306,3,FALSE) -> DONATO | D8: =VLOOKUP($A8,ANAGRAFICA!$B$1:$G$306,4,FALSE) | E8: =VLOOKUP($A8,ANAGRAFICA!$B$1:$G$306,5,FALSE) -> 3272024053 | F8: =VLOOKUP($A8,ANAGRAFICA!$B$1:$G$306,6,FALSE) -> 2024 | G8: 1 | H8: 99184 Initiation of total body hypothermia | I8: 45298 | J8: 20:00 | K8: TRUE
A9: 2124000328 | B9: =VLOOKUP($A9,ANAGRAFICA!$B$1:$G$306,2,FALSE) -> LAVANGA | C9: =VLOOKUP($A9,ANAGRAFICA!$B$1:$G$306,3,FALSE) -> DONATO | D9: =VLOOKUP($A9,ANAGRAFICA!$B$1:$G$306,4,FALSE) | E9: =VLOOKUP($A9,ANAGRAFICA!$B$1:$G$306,5,FALSE) -> 3272024053 | F9: =VLOOKUP($A9,ANAGRAFICA!$B$1:$G$306,6,FALSE) -> 2024 | G9: 1 | H9: 95812 EEG extended monitoring | I9: 45299 | J9: 10:50 | K9: TRUE
A10: 2124000328 | B10: =VLOOKUP($A10,ANAGRAFICA!$B$1:$G$306,2,FALSE) -> LAVANGA | C10: =VLOOKUP($A10,ANAGRAFICA!$B$1:$G$306,3,FALSE) -> DONATO | D10: =VLOOKUP($A10,ANAGRAFICA!$B$1:$G$306,4,FALSE) | E10: =VLOOKUP($A10,ANAGRAFICA!$B$1:$G$306,5,FALSE) -> 3272024053 | F10: =VLOOKUP($A10,ANAGRAFICA!$B$1:$G$306,6,FALSE) -> 2024 | G10: 1 | H10: 93454 Catheter placement in coronary artery(s) for coronary angiography, including intraprocedural injection(s) for coronary angiography, imaging supervision and interpretation | I10: 45298 | J10: 16:31 | K10: TRUE
A11: 2124000328 | B11: =VLOOKUP($A11,ANAGRAFICA!$B$1:$G$306,2,FALSE) -> LAVANGA | C11: =VLOOKUP($A11,ANAGRAFICA!$B$1:$G$306,3,FALSE) -> DONATO | D11: =VLOOKUP($A11,ANAGRAFICA!$B$1:$G$306,4,FALSE) | E11: =VLOOKUP($A11,ANAGRAFICA!$B$1:$G$306,5,FALSE) -> 3272024053 | F11: =VLOOKUP($A11,ANAGRAFICA!$B$1:$G$306,6,FALSE) -> 2024 | G11: 1 | H11: 70450 CT of head without contrast material | I11: 45299 | K11: FALSE
A12: 2124000328 | B12: =VLOOKUP($A12,ANAGRAFICA!$B$1:$G$306,2,FALSE) -> LAVANGA | C12: =VLOOKUP($A12,ANAGRAFICA!$B$1:$G$306,3,FALSE) -> DONATO | D12: =VLOOKUP($A12,ANAGRAFICA!$B$1:$G$306,4,FALSE) | E12: =VLOOKUP($A12,ANAGRAFICA!$B$1:$G$306,5,FALSE) -> 3272024053 | F12: =VLOOKUP($A12,ANAGRAFICA!$B$1:$G$306,6,FALSE) -> 2024 | G12: 1 | H12: 71260 CT of thorax with contrast | I12: 45300 | K12: FALSE
A13: 2124000328 | B13: =VLOOKUP($A13,ANAGRAFICA!$B$1:$G$306,2,FALSE) -> LAVANGA | C13: =VLOOKUP($A13,ANAGRAFICA!$B$1:$G$306,3,FALSE) -> DONATO | D13: =VLOOKUP($A13,ANAGRAFICA!$B$1:$G$306,4,FALSE) | E13: =VLOOKUP($A13,ANAGRAFICA!$B$1:$G$306,5,FALSE) -> 3272024053 | F13: =VLOOKUP($A13,ANAGRAFICA!$B$1:$G$306,6,FALSE) -> 2024 | G13: 1 | H13: 74160 CT of abdomen with contrast | I13: 45301 | K13: FALSE
A14: 2124001121 | B14: =VLOOKUP($A14,ANAGRAFICA!$B$1:$G$306,2,FALSE) -> TIEGHI | C14: =VLOOKUP($A14,ANAGRAFICA!$B$1:$G$306,3,FALSE) -> MASSIMO | D14: =VLOOKUP($A14,ANAGRAFICA!$B$1:$G$306,4,FALSE) | E14: =VLOOKUP($A14,ANAGRAFICA!$B$1:$G$306,5,FALSE) -> 3272024054 | F14: =VLOOKUP($A14,ANAGRAFICA!$B$1:$G$306,6,FALSE) -> 2024 | G14: 1 | H14: 99184 Initiation of total body hypothermia | I14: 45309 | J14: 12:00 | K14: TRUE
A15: 2124001121 | B15: =VLOOKUP($A15,ANAGRAFICA!$B$1:$G$306,2,FALSE) -> TIEGHI | C15: =VLOOKUP($A15,ANAGRAFICA!$B$1:$G$306,3,FALSE) -> MASSIMO | D15: =VLOOKUP($A15,ANAGRAFICA!$B$1:$G$306,4,FALSE) | E15: =VLOOKUP($A15,ANAGRAFICA!$B$1:$G$306,5,FALSE) -> 3272024054 | F15: =VLOOKUP($A15,ANAGRAFICA!$B$1:$G$306,6,FALSE) -> 2024 | G15: 1 | H15: 95812 EEG extended monitoring | I15: 45309 | J15: 11:00 | K15: TRUE
A16: 2124001121 | B16: =VLOOKUP($A16,ANAGRAFICA!$B$1:$G$306,2,FALSE) -> TIEGHI | C16: =VLOOKUP($A16,ANAGRAFICA!$B$1:$G$306,3,FALSE) -> MASSIMO | D16: =VLOOKUP($A16,ANAGRAFICA!$B$1:$G$306,4,FALSE) | E16: =VLOOKUP($A16,ANAGRAFICA!$B$1:$G$306,5,FALSE) -> 3272024054 | F16: =VLOOKUP($A16,ANAGRAFICA!$B$1:$G$306,6,FALSE) -> 2024 | G16: 1 | H16: 70450 CT of head without contrast material | I16: 45309 | J16: 11:00 | K16: TRUE
A17: 2124001121 | B17: =VLOOKUP($A17,ANAGRAFICA!$B$1:$G$306,2,FALSE) -> TIEGHI | C17: =VLOOKUP($A17,ANAGRAFICA!$B$1:$G$306,3,FALSE) -> MASSIMO | D17: =VLOOKUP($A17,ANAGRAFICA!$B$1:$G$306,4,FALSE) | E17: =VLOOKUP($A17,ANAGRAFICA!$B$1:$G$306,5,FALSE) -> 3272024054 | F17: =VLOOKUP($A17,ANAGRAFICA!$B$1:$G$306,6,FALSE) -> 2024 | G17: 1 | H17: 71260 CT of thorax with contrast | I17: 45309 | J17: 11:00 | K17: TRUE
A18: 2124001121 | B18: =VLOOKUP($A18,ANAGRAFICA!$B$1:$G$306,2,FALSE) -> TIEGHI | C18: =VLOOKUP($A18,ANAGRAFICA!$B$1:$G$306,3,FALSE) -> MASSIMO | D18: =VLOOKUP($A18,ANAGRAFICA!$B$1:$G$306,4,FALSE) | E18: =VLOOKUP($A18,ANAGRAFICA!$B$1:$G$306,5,FALSE) -> 3272024054 | F18: =VLOOKUP($A18,ANAGRAFICA!$B$1:$G$306,6,FALSE) -> 2024 | G18: 1 | H18: 74160 CT of abdomen with contrast | I18: 45309 | J18: 11:00 | K18: TRUE
A19: 2124001121 | B19: =VLOOKUP($A19,ANAGRAFICA!$B$1:$G$306,2,FALSE) -> TIEGHI | C19: =VLOOKUP($A19,ANAGRAFICA!$B$1:$G$306,3,FALSE) -> MASSIMO | D19: =VLOOKUP($A19,ANAGRAFICA!$B$1:$G$306,4,FALSE) | E19: =VLOOKUP($A19,ANAGRAFICA!$B$1:$G$306,5,FALSE) -> 3272024054 | F19: =VLOOKUP($A19,ANAGRAFICA!$B$1:$G$306,6,FALSE) -> 2024 | G19: 1 | H19: 33966 Percutaneous removal of peripheral cannula by physician for patient 6 years and older | I19: 45310 | J19: 18:00 | K19: TRUE
A20: 2124001121 | B20: =VLOOKUP($A20,ANAGRAFICA!$B$1:$G$306,2,FALSE) -> TIEGHI | C20: =VLOOKUP($A20,ANAGRAFICA!$B$1:$G$306,3,FALSE) -> MASSIMO | D20: =VLOOKUP($A20,ANAGRAFICA!$B$1:$G$306,4,FALSE) | E20: =VLOOKUP($A20,ANAGRAFICA!$B$1:$G$306,5,FALSE) -> 3272024054 | F20: =VLOOKUP($A20,ANAGRAFICA!$B$1:$G$306,6,FALSE) -> 2024 | G20: 1 | H20: 93454 Catheter placement in coronary artery(s) for coronary angiography, including intraprocedural injection(s) for coronary angiography, imaging supervision and interpretation | I20: 45309 | J20: 9:30 | K20: TRUE
A21: 2124016781 | B21: =VLOOKUP($A21,ANAGRAFICA!$B$1:$G$306,2,FALSE) -> TURNO ARTHEMALLE | C21: =VLOOKUP($A21,ANAGRAFICA!$B$1:$G$306,3,FALSE) -> ALICE | D21: =VLOOKUP($A21,ANAGRAFICA!$B$1:$G$306,4,FALSE) -> 758-12 | E21: =VLOOKUP($A21,ANAGRAFICA!$B$1:$G$306,5,FALSE) -> 3272024078 | F21: =VLOOKUP($A21,ANAGRAFICA!$B$1:$G$306,6,FALSE) -> 2024 | G21: 2 | H21: 27602 Decompression fasciotomy of lateral and posterior compartment of lower leg | I21: 45562 | J21: 17:00 | K21: FALSE
A22: 2124002215 | B22: =VLOOKUP($A22,ANAGRAFICA!$B$1:$G$306,2,FALSE) -> SCHIFANO | C22: =VLOOKUP($A22,ANAGRAFICA!$B$1:$G$306,3,FALSE) -> FRANCESCO | D22: =VLOOKUP($A22,ANAGRAFICA!$B$1:$G$306,4,FALSE) | E22: =VLOOKUP($A22,ANAGRAFICA!$B$1:$G$306,5,FALSE) -> 3272024055 | F22: =VLOOKUP($A22,ANAGRAFICA!$B$1:$G$306,6,FALSE) -> 2024 | G22: 1 | H22: 92920 Percutaneous transluminal coronary angioplasty | I22: 45325 | J22: 14:00 | K22: TRUE
A23: 2124002215 | B23: =VLOOKUP($A23,ANAGRAFICA!$B$1:$G$306,2,FALSE) -> SCHIFANO | C23: =VLOOKUP($A23,ANAGRAFICA!$B$1:$G$306,3,FALSE) -> FRANCESCO | D23: =VLOOKUP($A23,ANAGRAFICA!$B$1:$G$306,4,FALSE) | E23: =VLOOKUP($A23,ANAGRAFICA!$B$1:$G$306,5,FALSE) -> 3272024055 | F23: =VLOOKUP($A23,ANAGRAFICA!$B$1:$G$306,6,FALSE) -> 2024 | G23: 1 | H23: 99184 Initiation of total body hypothermia | I23: 45325 | J23: 16:00 | K23: TRUE
A24: 2124002215 | B24: =VLOOKUP($A24,ANAGRAFICA!$B$1:$G$306,2,FALSE) -> SCHIFANO | C24: =VLOOKUP($A24,ANAGRAFICA!$B$1:$G$306,3,FALSE) -> FRANCESCO | D24: =VLOOKUP($A24,ANAGRAFICA!$B$1:$G$306,4,FALSE) | E24: =VLOOKUP($A24,ANAGRAFICA!$B$1:$G$306,5,FALSE) -> 3272024055 | F24: =VLOOKUP($A24,ANAGRAFICA!$B$1:$G$306,6,FALSE) -> 2024 | G24: 1 | H24: 33966 Percutaneous removal of peripheral cannula by physician for patient 6 years and older | I24: 45329 | J24: 13:00 | K24: TRUE
A25: 2124002215 | B25: =VLOOKUP($A25,ANAGRAFICA!$B$1:$G$306,2,FALSE) -> SCHIFANO | C25: =VLOOKUP($A25,ANAGRAFICA!$B$1:$G$306,3,FALSE) -> FRANCESCO | D25: =VLOOKUP($A25,ANAGRAFICA!$B$1:$G$306,4,FALSE) | E25: =VLOOKUP($A25,ANAGRAFICA!$B$1:$G$306,5,FALSE) -> 3272024055 | F25: =VLOOKUP($A25,ANAGRAFICA!$B$1:$G$306,6,FALSE) -> 2024 | G25: 1 | H25: 95812 EEG extended monitoring | I25: 45326 | J25: 12:00 | K25: TRUE
... A29: 2124202869 | B29: =VLOOKUP($A29,ANAGRAFICA!$B$1:$G$306,2,FALSE) -> VALSECCHI | C29: =VLOOKUP($A29,ANAGRAFICA!$B$1:$G$306,3,FALSE) -> ANDREA | D29: =VLOOKUP($A29,ANAGRAFICA!$B$1:$G$306,4,FALSE) | E29: =VLOOKUP($A29,ANAGRAFICA!$B$1:$G$306,5,FALSE) -> 3272024056 | F29: =VLOOKUP($A29,ANAGRAFICA!$B$1:$G$306,6,FALSE) -> 2024 | G29: 1 | H29: 90947 Dialysis procedure other than hemodialysis requiring repeated physician evaluations with substantial revision of dialysis prescription | I29: 45337 | J29: 15:00 | K29: TRUE
A30: 2124202869 | B30: =VLOOKUP($A30,ANAGRAFICA!$B$1:$G$306,2,FALSE) -> VALSECCHI | C30: =VLOOKUP($A30,ANAGRAFICA!$B$1:$G$306,3,FALSE) -> ANDREA | D30: =VLOOKUP($A30,ANAGRAFICA!$B$1:$G$306,4,FALSE) | E30: =VLOOKUP($A30,ANAGRAFICA!$B$1:$G$306,5,FALSE) -> 3272024056 | F30: =VLOOKUP($A30,ANAGRAFICA!$B$1:$G$306,6,FALSE) -> 2024 | G30: 1 | H30: 95812 EEG extended monitoring | I30: 45337 | K30: FALSE
A31: 2124202869 | B31: =VLOOKUP($A31,ANAGRAFICA!$B$1:$G$306,2,FALSE) -> VALSECCHI | C31: =VLOOKUP($A31,ANAGRAFICA!$B$1:$G$306,3,FALSE) -> ANDREA | D31: =VLOOKUP($A31,ANAGRAFICA!$B$1:$G$306,4,FALSE) | E31: =VLOOKUP($A31,ANAGRAFICA!$B$1:$G$306,5,FALSE) -> 3272024056 | F31: =VLOOKUP($A31,ANAGRAFICA!$B$1:$G$306,6,FALSE) -> 2024 | G31: 1 | H31: 33966 Percutaneous removal of peripheral cannula by physician for patient 6 years and older | I31: 45342 | J31: 12:00 | K31: TRUE
A32: 2124202869 | B32: =VLOOKUP($A32,ANAGRAFICA!$B$1:$G$306,2,FALSE) -> VALSECCHI | C32: =VLOOKUP($A32,ANAGRAFICA!$B$1:$G$306,3,FALSE) -> ANDREA | D32: =VLOOKUP($A32,ANAGRAFICA!$B$1:$G$306,4,FALSE) | E32: =VLOOKUP($A32,ANAGRAFICA!$B$1:$G$306,5,FALSE) -> 3272024056 | F32: =VLOOKUP($A32,ANAGRAFICA!$B$1:$G$306,6,FALSE) -> 2024 | G32: 1 | H32: 31624 Bronchoscopy rigid or flexible including fluoroscopic guidance when performed. | I32: 45337 | J32: 12:00 | K32: TRUE
A33: 2124003531 | B33: =VLOOKUP($A33,ANAGRAFICA!$B$1:$G$306,2,FALSE) -> RASPANTI | C33: =VLOOKUP($A33,ANAGRAFICA!$B$1:$G$306,3,FALSE) -> ANDREA | D33: =VLOOKUP($A33,ANAGRAFICA!$B$1:$G$306,4,FALSE) | E33: =VLOOKUP($A33,ANAGRAFICA!$B$1:$G$306,5,FALSE) -> 3272024057 | F33: =VLOOKUP($A33,ANAGRAFICA!$B$1:$G$306,6,FALSE) -> 2024 | G33: 1 | H33: 90947 Dialysis procedure other than hemodialysis requiring repeated physician evaluations with substantial revision of dialysis prescription | I33: 45344 | J33: 15:00 | K33: TRUE
A34: 2124003531 | B34: =VLOOKUP($A34,ANAGRAFICA!$B$1:$G$306,2,FALSE) -> RASPANTI | C34: =VLOOKUP($A34,ANAGRAFICA!$B$1:$G$306,3,FALSE) -> ANDREA | D34: =VLOOKUP($A34,ANAGRAFICA!$B$1:$G$306,4,FALSE) | E34: =VLOOKUP($A34,ANAGRAFICA!$B$1:$G$306,5,FALSE) -> 3272024057 | F34: =VLOOKUP($A34,ANAGRAFICA!$B$1:$G$306,6,FALSE) -> 2024 | G34: 1 | H34: 33966 Percutaneous removal of peripheral cannula by physician for patient 6 years and older | I34: 45351 | J34: 15:00 | K34: TRUE
A35: 2124003531 | B35: =VLOOKUP($A35,ANAGRAFICA!$B$1:$G$306,2,FALSE) -> RASPANTI | C35: =VLOOKUP($A35,ANAGRAFICA!$B$1:$G$306,3,FALSE) -> ANDREA | D35: =VLOOKUP($A35,ANAGRAFICA!$B$1:$G$306,4,FALSE) | E35: =VLOOKUP($A35,ANAGRAFICA!$B$1:$G$306,5,FALSE) -> 3272024057 | F35: =VLOOKUP($A35,ANAGRAFICA!$B$1:$G$306,6,FALSE) -> 2024 | G35: 1 | H35: 11042 Debridement of subcutaneous tissue including epidermis and dermis first 20 square cms or less | I35: 45344 | J35: 08:00 | K35: TRUE
A36: 2124003531 | B36: =VLOOKUP($A36,ANAGRAFICA!$B$1:$G$306,2,FALSE) -> RASPANTI | C36: =VLOOKUP($A36,ANAGRAFICA!$B$1:$G$306,3,FALSE) -> ANDREA | D36: =VLOOKUP($A36,ANAGRAFICA!$B$1:$G$306,4,FALSE) | E36: =VLOOKUP($A36,ANAGRAFICA!$B$1:$G$306,5,FALSE) -> 3272024057 | F36: =VLOOKUP($A36,ANAGRAFICA!$B$1:$G$306,6,FALSE) -> 2024 | G36: 1 | H36: 70450 CT of head without contrast material | I36: 45345 | J36: 18:00 | K36: si
A37: 2124003531 | B37: =VLOOKUP($A37,ANAGRAFICA!$B$1:$G$306,2,FALSE) -> RASPANTI | C37: =VLOOKUP($A37,ANAGRAFICA!$B$1:$G$306,3,FALSE) -> ANDREA | D37: =VLOOKUP($A37,ANAGRAFICA!$B$1:$G$306,4,FALSE) | E37: =VLOOKUP($A37,ANAGRAFICA!$B$1:$G$306,5,FALSE) -> 3272024057 | F37: =VLOOKUP($A37,ANAGRAFICA!$B$1:$G$306,6,FALSE) -> 2024 | G37: 1 | H37: 74177 CT of abdomen and pelvis with contrast | I37: 45345 | J37: 18:00 | K37: TRUE
A38: 2124003531 | B38: =VLOOKUP($A38,ANAGRAFICA!$B$1:$G$306,2,FALSE) -> RASPANTI | C38: =VLOOKUP($A38,ANAGRAFICA!$B$1:$G$306,3,FALSE) -> ANDREA | D38: =VLOOKUP($A38,ANAGRAFICA!$B$1:$G$306,4,FALSE) | E38: =VLOOKUP($A38,ANAGRAFICA!$B$1:$G$306,5,FALSE) -> 3272024057 | F38: =VLOOKUP($A38,ANAGRAFICA!$B$1:$G$306,6,FALSE) -> 2024 | G38: 1 | H38: 71260 CT of thorax with contrast | I38: 45345 | J38: 18:00 | K38: TRUE
A39: 2124003531 | B39: =VLOOKUP($A39,ANAGRAFICA!$B$1:$G$306,2,FALSE) -> RASPANTI | C39: =VLOOKUP($A39,ANAGRAFICA!$B$1:$G$306,3,FALSE) -> ANDREA | D39: =VLOOKUP($A39,ANAGRAFICA!$B$1:$G$306,4,FALSE) | E39: =VLOOKUP($A39,ANAGRAFICA!$B$1:$G$306,5,FALSE) -> 3272024057 | F39: =VLOOKUP($A39,ANAGRAFICA!$B$1:$G$306,6,FALSE) -> 2024 | G39: 1 | H39: 33975","Insertion of extracorporeal single-ventricle ventricular assist device" | I39: 45347 | J39: 12:00 | K39: TRUE
A40: 2124003531 | B40: =VLOOKUP($A40,ANAGRAFICA!$B$1:$G$306,2,FALSE) -> RASPANTI | C40: =VLOOKUP($A40,ANAGRAFICA!$B$1:$G$306,3,FALSE) -> ANDREA | D40: =VLOOKUP($A40,ANAGRAFICA!$B$1:$G$306,4,FALSE) | E40: =VLOOKUP($A40,ANAGRAFICA!$B$1:$G$306,5,FALSE) -> 3272024057 | F40: =VLOOKUP($A40,ANAGRAFICA!$B$1:$G$306,6,FALSE) -> 2024 | G40: 1 | H40: 11042 Debridement of subcutaneous tissue including epidermis and dermis first 20 square cms or less | I40: 45346 | J40: 08:00 | K40: TRUE
A41: 2124003531 | B41: =VLOOKUP($A41,ANAGRAFICA!$B$1:$G$306,2,FALSE) -> RASPANTI | C41: =VLOOKUP($A41,ANAGRAFICA!$B$1:$G$306,3,FALSE) -> ANDREA | D41: =VLOOKUP($A41,ANAGRAFICA!$B$1:$G$306,4,FALSE) | E41: =VLOOKUP($A41,ANAGRAFICA!$B$1:$G$306,5,FALSE) -> 3272024057 | F41: =VLOOKUP($A41,ANAGRAFICA!$B$1:$G$306,6,FALSE) -> 2024 | G41: 1 | H41: 33977","Removal of extracorporeal single-ventricle ventricular assist device" | I41: 45352 | J41: 12:00 | K41: FALSE
A42: 2124203781 | B42: =VLOOKUP($A42,ANAGRAFICA!$B$1:$G$306,2,FALSE) -> CONCA | C42: =VLOOKUP($A42,ANAGRAFICA!$B$1:$G$306,3,FALSE) -> CAMILLA | D42: =VLOOKUP($A42,ANAGRAFICA!$B$1:$G$306,4,FALSE) | E42: =VLOOKUP($A42,ANAGRAFICA!$B$1:$G$306,5,FALSE) -> 3272024058 | F42: =VLOOKUP($A42,ANAGRAFICA!$B$1:$G$306,6,FALSE) -> 2024 | G42: 1 | H42: 90947 Dialysis procedure other than hemodialysis requiring repeated physician evaluations with substantial revision of dialysis prescription | I42: 45351 | J42: 19:00 | K42: TRUE
A43: 2124203781 | B43: =VLOOKUP($A43,ANAGRAFICA!$B$1:$G$306,2,FALSE) -> CONCA | C43: =VLOOKUP($A43,ANAGRAFICA!$B$1:$G$306,3,FALSE) -> CAMILLA | D43: =VLOOKUP($A43,ANAGRAFICA!$B$1:$G$306,4,FALSE) | E43: =VLOOKUP($A43,ANAGRAFICA!$B$1:$G$306,5,FALSE) -> 3272024058 | F43: =VLOOKUP($A43,ANAGRAFICA!$B$1:$G$306,6,FALSE) -> 2024 | G43: 1 | H43: 31624 Bronchoscopy rigid or flexible including fluoroscopic guidance when performed. | I43: 45352 | J43: 15:00 | K43: TRUE
A44: 2124019725 | B44: =VLOOKUP($A44,ANAGRAFICA!$B$1:$G$306,2,FALSE) -> AMIWO | C44: =VLOOKUP($A44,ANAGRAFICA!$B$1:$G$306,3,FALSE) -> REX STEVE | D44: =VLOOKUP($A44,ANAGRAFICA!$B$1:$G$306,4,FALSE) -> 758-18 | E44: =VLOOKUP($A44,ANAGRAFICA!$B$1:$G$306,5,FALSE) -> 3272024084 | F44: =VLOOKUP($A44,ANAGRAFICA!$B$1:$G$306,6,FALSE) -> 2024 | G44: 1 | H44: 70450 CT of head without contrast material | I44: 45601 | J44: 09:43 | K44: FALSE
A45: 2124019725 | B45: =VLOOKUP($A45,ANAGRAFICA!$B$1:$G$306,2,FALSE) -> AMIWO | C45: =VLOOKUP($A45,ANAGRAFICA!$B$1:$G$306,3,FALSE) -> REX STEVE | D45: =VLOOKUP($A45,ANAGRAFICA!$B$1:$G$306,4,FALSE) -> 758-18 | E45: =VLOOKUP($A45,ANAGRAFICA!$B$1:$G$306,5,FALSE) -> 3272024084 | F45: =VLOOKUP($A45,ANAGRAFICA!$B$1:$G$306,6,FALSE) -> 2024 | G45: 1 | H45: 71260 CT of thorax with contrast | I45: 45601 | J45: 09:43 | K45: FALSE
A46: 2124019725 | B46: =VLOOKUP($A46,ANAGRAFICA!$B$1:$G$306,2,FALSE) -> AMIWO | C46: =VLOOKUP($A46,ANAGRAFICA!$B$1:$G$306,3,FALSE) -> REX STEVE | D46: =VLOOKUP($A46,ANAGRAFICA!$B$1:$G$306,4,FALSE) -> 758-18 | E46: =VLOOKUP($A46,ANAGRAFICA!$B$1:$G$306,5,FALSE) -> 3272024084 | F46: =VLOOKUP($A46,ANAGRAFICA!$B$1:$G$306,6,FALSE) -> 2024 | G46: 1 | H46: 74160 CT of abdomen with contrast | I46: 45601 | J46: 09:43 | K46: FALSE
A47: 2124019725 | B47: =VLOOKUP($A47,ANAGRAFICA!$B$1:$G$306,2,FALSE) -> AMIWO | C47: =VLOOKUP($A47,ANAGRAFICA!$B$1:$G$306,3,FALSE) -> REX STEVE | D47: =VLOOKUP($A47,ANAGRAFICA!$B$1:$G$306,4,FALSE) -> 758-18 | E47: =VLOOKUP($A47,ANAGRAFICA!$B$1:$G$306,5,FALSE) -> 3272024084 | F47: =VLOOKUP($A47,ANAGRAFICA!$B$1:$G$306,6,FALSE) -> 2024 | G47: 1 | H47: 99184 Initiation of total body hypothermia | I47: 45601 | J47: 11:00 | K47: FALSE
A48: 2124018690 | B48: =VLOOKUP($A48,ANAGRAFICA!$B$1:$G$306,2,FALSE) -> AVENIDO | C48: =VLOOKUP($A48,ANAGRAFICA!$B$1:$G$306,3,FALSE) -> DELFIN | D48: =VLOOKUP($A48,ANAGRAFICA!$B$1:$G$306,4,FALSE) -> 758-16 | E48: =VLOOKUP($A48,ANAGRAFICA!$B$1:$G$306,5,FALSE) -> 3272024082 | F48: =VLOOKUP($A48,ANAGRAFICA!$B$1:$G$306,6,FALSE) -> 2024 | G48: 1 | H48: 93454 Catheter placement in coronary artery(s) for coronary angiography, including intraprocedural injection(s) for coronary angiography, imaging supervision and interpretation | I48: 45585 | J48: 16:57 | K48: TRUE
... A86: 2124012963 | B86: =VLOOKUP($A86,ANAGRAFICA!$B$1:$G$306,2,FALSE) -> TARENZI | C86: =VLOOKUP($A86,ANAGRAFICA!$B$1:$G$306,3,FALSE) -> GIACOMO | D86: =VLOOKUP($A86,ANAGRAFICA!$B$1:$G$306,4,FALSE) -> 758-7 | E86: =VLOOKUP($A86,ANAGRAFICA!$B$1:$G$306,5,FALSE) -> 3272024073 | F86: =VLOOKUP($A86,ANAGRAFICA!$B$1:$G$306,6,FALSE) -> 2024 | G86: 1 | H86: 74160 CT of abdomen with contrast | I86: 45494 | J86: 09:09 | K86: TRUE
A87: 2124012963 | B87: =VLOOKUP($A87,ANAGRAFICA!$B$1:$G$306,2,FALSE) -> TARENZI | C87: =VLOOKUP($A87,ANAGRAFICA!$B$1:$G$306,3,FALSE) -> GIACOMO | D87: =VLOOKUP($A87,ANAGRAFICA!$B$1:$G$306,4,FALSE) -> 758-7 | E87: =VLOOKUP($A87,ANAGRAFICA!$B$1:$G$306,5,FALSE) -> 3272024073 | F87: =VLOOKUP($A87,ANAGRAFICA!$B$1:$G$306,6,FALSE) -> 2024 | H87: 70450 CT of head without contrast material | I87: 45491 | J87: 13:55 | K87: TRUE
A88: 2124012915 | B88: =VLOOKUP($A88,ANAGRAFICA!$B$1:$G$306,2,FALSE) -> GARGIONI | C88: =VLOOKUP($A88,ANAGRAFICA!$B$1:$G$306,3,FALSE) -> GIULIO | D88: =VLOOKUP($A88,ANAGRAFICA!$B$1:$G$306,4,FALSE) -> 758-6 | E88: =VLOOKUP($A88,ANAGRAFICA!$B$1:$G$306,5,FALSE) -> 3272024072 | F88: =VLOOKUP($A88,ANAGRAFICA!$B$1:$G$306,6,FALSE) -> 2024 | G88: 1 | H88: 93455 Catheter placement in coronary artery(s) for coronary angiography, including intraprocedural injections for coronary angiography, imaging supervision and interpretation with catheter placements in bypass grafts including intraprocedural injections fo | I88: 45485 | J88: 22:20 | K88: TRUE
A89: 2124012915 | B89: =VLOOKUP($A89,ANAGRAFICA!$B$1:$G$306,2,FALSE) -> GARGIONI | C89: =VLOOKUP($A89,ANAGRAFICA!$B$1:$G$306,3,FALSE) -> GIULIO | D89: =VLOOKUP($A89,ANAGRAFICA!$B$1:$G$306,4,FALSE) -> 758-6 | E89: =VLOOKUP($A89,ANAGRAFICA!$B$1:$G$306,5,FALSE) -> 3272024072 | F89: =VLOOKUP($A89,ANAGRAFICA!$B$1:$G$306,6,FALSE) -> 2024 | G89: 1 | H89: 93454 Catheter placement in coronary artery(s) for coronary angiography, including intraprocedural injection(s) for coronary angiography, imaging supervision and interpretation | I89: 45488 | J89: 14:28 | K89: TRUE
A90: 2124012915 | B90: =VLOOKUP($A90,ANAGRAFICA!$B$1:$G$306,2,FALSE) -> GARGIONI | C90: =VLOOKUP($A90,ANAGRAFICA!$B$1:$G$306,3,FALSE) -> GIULIO | D90: =VLOOKUP($A90,ANAGRAFICA!$B$1:$G$306,4,FALSE) -> 758-6 | E90: =VLOOKUP($A90,ANAGRAFICA!$B$1:$G$306,5,FALSE) -> 3272024072 | F90: =VLOOKUP($A90,ANAGRAFICA!$B$1:$G$306,6,FALSE) -> 2024 | G90: 1 | H90: 33966 Percutaneous removal of peripheral cannula by physician for patient 6 years and older | I90: 45492 | J90: 16:00 | K90: FALSE
A91: 2124208629 | B91: =VLOOKUP($A91,ANAGRAFICA!$B$1:$G$306,2,FALSE) -> D'ANDREA | C91: =VLOOKUP($A91,ANAGRAFICA!$B$1:$G$306,3,FALSE) -> FERNANDO ANTONIO | D91: =VLOOKUP($A91,ANAGRAFICA!$B$1:$G$306,4,FALSE) -> 758-5 | E91: =VLOOKUP($A91,ANAGRAFICA!$B$1:$G$306,5,FALSE) -> 3272024071 | F91: =VLOOKUP($A91,ANAGRAFICA!$B$1:$G$306,6,FALSE) -> 2024 | G91: 1 | H91: 93455 Catheter placement in coronary artery(s) for coronary angiography, including intraprocedural injections for coronary angiography, imaging supervision and interpretation with catheter placements in bypass grafts including intraprocedural injections fo | I91: 45470 | J91: 19:20 | K91: TRUE
A92: 2124208629 | B92: =VLOOKUP($A92,ANAGRAFICA!$B$1:$G$306,2,FALSE) -> D'ANDREA | C92: =VLOOKUP($A92,ANAGRAFICA!$B$1:$G$306,3,FALSE) -> FERNANDO ANTONIO | D92: =VLOOKUP($A92,ANAGRAFICA!$B$1:$G$306,4,FALSE) -> 758-5 | E92: =VLOOKUP($A92,ANAGRAFICA!$B$1:$G$306,5,FALSE) -> 3272024071 | F92: =VLOOKUP($A92,ANAGRAFICA!$B$1:$G$306,6,FALSE) -> 2024 | G92: 1 | H92: 70450 CT of head without contrast material | I92: 45470 | J92: 18:17 | K92: TRUE
A93: 2124208629 | B93: =VLOOKUP($A93,ANAGRAFICA!$B$1:$G$306,2,FALSE) -> D'ANDREA | C93: =VLOOKUP($A93,ANAGRAFICA!$B$1:$G$306,3,FALSE) -> FERNANDO ANTONIO | D93: =VLOOKUP($A93,ANAGRAFICA!$B$1:$G$306,4,FALSE) -> 758-5 | E93: =VLOOKUP($A93,ANAGRAFICA!$B$1:$G$306,5,FALSE) -> 3272024071 | F93: =VLOOKUP($A93,ANAGRAFICA!$B$1:$G$306,6,FALSE) -> 2024 | G93: 1 | H93: 71260 CT of thorax with contrast | I93: 45470 | J93: 18:17 | K93: TRUE
A94: 2124208629 | B94: =VLOOKUP($A94,ANAGRAFICA!$B$1:$G$306,2,FALSE) -> D'ANDREA | C94: =VLOOKUP($A94,ANAGRAFICA!$B$1:$G$306,3,FALSE) -> FERNANDO ANTONIO | D94: =VLOOKUP($A94,ANAGRAFICA!$B$1:$G$306,4,FALSE) -> 758-5 | E94: =VLOOKUP($A94,ANAGRAFICA!$B$1:$G$306,5,FALSE) -> 3272024071 | F94: =VLOOKUP($A94,ANAGRAFICA!$B$1:$G$306,6,FALSE) -> 2024 | G94: 1 | H94: 74160 CT of abdomen with contrast | I94: 45470 | J94: 18:17 | K94: TRUE
A95: 2124208629 | B95: =VLOOKUP($A95,ANAGRAFICA!$B$1:$G$306,2,FALSE) -> D'ANDREA | C95: =VLOOKUP($A95,ANAGRAFICA!$B$1:$G$306,3,FALSE) -> FERNANDO ANTONIO | D95: =VLOOKUP($A95,ANAGRAFICA!$B$1:$G$306,4,FALSE) -> 758-5 | E95: =VLOOKUP($A95,ANAGRAFICA!$B$1:$G$306,5,FALSE) -> 3272024071 | F95: =VLOOKUP($A95,ANAGRAFICA!$B$1:$G$306,6,FALSE) -> 2024 | G95: 1 | H95: 70450 CT of head without contrast material | I95: 45473 | J95: 9:56 | K95: TRUE
A96: 2124011588 | B96: =VLOOKUP($A96,ANAGRAFICA!$B$1:$G$306,2,FALSE) -> FRATINO | C96: =VLOOKUP($A96,ANAGRAFICA!$B$1:$G$306,3,FALSE) -> OLIVIERO | D96: =VLOOKUP($A96,ANAGRAFICA!$B$1:$G$306,4,FALSE) -> 758-4 | E96: =VLOOKUP($A96,ANAGRAFICA!$B$1:$G$306,5,FALSE) -> 3272024070 | F96: =VLOOKUP($A96,ANAGRAFICA!$B$1:$G$306,6,FALSE) -> 2024 | G96: 1 | H96: 93455 Catheter placement in coronary artery(s) for coronary angiography, including intraprocedural injections for coronary angiography, imaging supervision and interpretation with catheter placements in bypass grafts including intraprocedural injections fo | I96: 45464 | J96: 15:52 | K96: FALSE
A97: 2124011588 | B97: =VLOOKUP($A97,ANAGRAFICA!$B$1:$G$306,2,FALSE) -> FRATINO | C97: =VLOOKUP($A97,ANAGRAFICA!$B$1:$G$306,3,FALSE) -> OLIVIERO | D97: =VLOOKUP($A97,ANAGRAFICA!$B$1:$G$306,4,FALSE) -> 758-4 | E97: =VLOOKUP($A97,ANAGRAFICA!$B$1:$G$306,5,FALSE) -> 3272024070 | F97: =VLOOKUP($A97,ANAGRAFICA!$B$1:$G$306,6,FALSE) -> 2024 | G97: 1 | H97: 33968 Percutaneous removal of intra-aortic balloon assist device | I97: 45462 | J97: 21:30 | K97: FALSE
A98: 2124011588 | B98: =VLOOKUP($A98,ANAGRAFICA!$B$1:$G$306,2,FALSE) -> FRATINO | C98: =VLOOKUP($A98,ANAGRAFICA!$B$1:$G$306,3,FALSE) -> OLIVIERO | D98: =VLOOKUP($A98,ANAGRAFICA!$B$1:$G$306,4,FALSE) -> 758-4 | E98: =VLOOKUP($A98,ANAGRAFICA!$B$1:$G$306,5,FALSE) -> 3272024070 | F98: =VLOOKUP($A98,ANAGRAFICA!$B$1:$G$306,6,FALSE) -> 2024 | G98: 1 | H98: 33999 Cardiac surgery procedure | I98: 45463 | J98: 17:00 | K98: FALSE
A99: 2124011588 | B99: =VLOOKUP($A99,ANAGRAFICA!$B$1:$G$306,2,FALSE) -> FRATINO | C99: =VLOOKUP($A99,ANAGRAFICA!$B$1:$G$306,3,FALSE) -> OLIVIERO | D99: =VLOOKUP($A99,ANAGRAFICA!$B$1:$G$306,4,FALSE) -> 758-4 | E99: =VLOOKUP($A99,ANAGRAFICA!$B$1:$G$306,5,FALSE) -> 3272024070 | F99: =VLOOKUP($A99,ANAGRAFICA!$B$1:$G$306,6,FALSE) -> 2024 | G99: 1 | H99: 33999 Cardiac surgery procedure | I99: 45467 | J99: 10:00 | K99: FALSE
... A127: 2124206072 | B127: =VLOOKUP($A127,ANAGRAFICA!$B$1:$G$306,2,FALSE) -> CONSONNI | C127: =VLOOKUP($A127,ANAGRAFICA!$B$1:$G$306,3,FALSE) -> GIULIO | D127: =VLOOKUP($A127,ANAGRAFICA!$B$1:$G$306,4,FALSE) | E127: =VLOOKUP($A127,ANAGRAFICA!$B$1:$G$306,5,FALSE) -> 3272024064 | F127: =VLOOKUP($A127,ANAGRAFICA!$B$1:$G$306,6,FALSE) -> 2024 | G127: 1 | H127: 93455 Catheter placement in coronary artery(s) for coronary angiography, including intraprocedural injections for coronary angiography, imaging supervision and interpretation with catheter placements in bypass grafts including intraprocedural injections fo | I127: 45408 | J127: 13:48 | K127: TRUE
A128: 2124206072 | B128: =VLOOKUP($A128,ANAGRAFICA!$B$1:$G$306,2,FALSE) -> CONSONNI | C128: =VLOOKUP($A128,ANAGRAFICA!$B$1:$G$306,3,FALSE) -> GIULIO | D128: =VLOOKUP($A128,ANAGRAFICA!$B$1:$G$306,4,FALSE) | E128: =VLOOKUP($A128,ANAGRAFICA!$B$1:$G$306,5,FALSE) -> 3272024064 | F128: =VLOOKUP($A128,ANAGRAFICA!$B$1:$G$306,6,FALSE) -> 2024 | G128: 1 | H128: 95812 EEG extended monitoring | I128: 45410 | K128: FALSE
A129: 2124007138 | B129: =VLOOKUP($A129,ANAGRAFICA!$B$1:$G$306,2,FALSE) -> TARTARELLI | C129: =VLOOKUP($A129,ANAGRAFICA!$B$1:$G$306,3,FALSE) -> GIUSEPPE | D129: =VLOOKUP($A129,ANAGRAFICA!$B$1:$G$306,4,FALSE) | E129: =VLOOKUP($A129,ANAGRAFICA!$B$1:$G$306,5,FALSE) -> 3272024063 | F129: =VLOOKUP($A129,ANAGRAFICA!$B$1:$G$306,6,FALSE) -> 2024 | G129: 1 | H129: 92920 Percutaneous transluminal coronary angioplasty | I129: 45395 | J129: 12:45 | K129: TRUE
A130: 2124008603 | B130: =VLOOKUP($A130,ANAGRAFICA!$B$1:$G$306,2,FALSE) -> MARIANI | C130: =VLOOKUP($A130,ANAGRAFICA!$B$1:$G$306,3,FALSE) -> MARCO | D130: =VLOOKUP($A130,ANAGRAFICA!$B$1:$G$306,4,FALSE) | E130: =VLOOKUP($A130,ANAGRAFICA!$B$1:$G$306,5,FALSE) -> 3272024066 | F130: =VLOOKUP($A130,ANAGRAFICA!$B$1:$G$306,6,FALSE) -> 2024 | G130: 1 | H130: 70450 CT of head without contrast material | I130: 45429 | J130: 11:33 | K130: TRUE
A131: 2124008603 | B131: =VLOOKUP($A131,ANAGRAFICA!$B$1:$G$306,2,FALSE) -> MARIANI | C131: =VLOOKUP($A131,ANAGRAFICA!$B$1:$G$306,3,FALSE) -> MARCO | D131: =VLOOKUP($A131,ANAGRAFICA!$B$1:$G$306,4,FALSE) | E131: =VLOOKUP($A131,ANAGRAFICA!$B$1:$G$306,5,FALSE) -> 3272024066 | F131: =VLOOKUP($A131,ANAGRAFICA!$B$1:$G$306,6,FALSE) -> 2024 | G131: 1 | H131: 71260 CT of thorax with contrast | I131: 45429 | J131: 11:36 | K131: TRUE
A132: 2124008603 | B132: =VLOOKUP($A132,ANAGRAFICA!$B$1:$G$306,2,FALSE) -> MARIANI | C132: =VLOOKUP($A132,ANAGRAFICA!$B$1:$G$306,3,FALSE) -> MARCO | D132: =VLOOKUP($A132,ANAGRAFICA!$B$1:$G$306,4,FALSE) | E132: =VLOOKUP($A132,ANAGRAFICA!$B$1:$G$306,5,FALSE) -> 3272024066 | F132: =VLOOKUP($A132,ANAGRAFICA!$B$1:$G$306,6,FALSE) -> 2024 | G132: 1 | H132: 74177 CT of abdomen and pelvis with contrast | I132: 45429 | J132: 11:36 | K132: TRUE
A133: 2124008603 | B133: =VLOOKUP($A133,ANAGRAFICA!$B$1:$G$306,2,FALSE) -> MARIANI | C133: =VLOOKUP($A133,ANAGRAFICA!$B$1:$G$306,3,FALSE) -> MARCO | D133: =VLOOKUP($A133,ANAGRAFICA!$B$1:$G$306,4,FALSE) | E133: =VLOOKUP($A133,ANAGRAFICA!$B$1:$G$306,5,FALSE) -> 3272024066 | F133: =VLOOKUP($A133,ANAGRAFICA!$B$1:$G$306,6,FALSE) -> 2024 | G133: 1 | H133: 70450 CT of head without contrast material | I133: 45432 | J133: 13:29 | K133: TRUE
A134: 2124008603 | B134: =VLOOKUP($A134,ANAGRAFICA!$B$1:$G$306,2,FALSE) -> MARIANI | C134: =VLOOKUP($A134,ANAGRAFICA!$B$1:$G$306,3,FALSE) -> MARCO | D134: =VLOOKUP($A134,ANAGRAFICA!$B$1:$G$306,4,FALSE) | E134: =VLOOKUP($A134,ANAGRAFICA!$B$1:$G$306,5,FALSE) -> 3272024066 | F134: =VLOOKUP($A134,ANAGRAFICA!$B$1:$G$306,6,FALSE) -> 2024 | G134: 1 | H134: 71260 CT of thorax with contrast | I134: 45432 | J134: 13:29 | K134: TRUE
A135: 2124008603 | B135: =VLOOKUP($A135,ANAGRAFICA!$B$1:$G$306,2,FALSE) -> MARIANI | C135: =VLOOKUP($A135,ANAGRAFICA!$B$1:$G$306,3,FALSE) -> MARCO | D135: =VLOOKUP($A135,ANAGRAFICA!$B$1:$G$306,4,FALSE) | E135: =VLOOKUP($A135,ANAGRAFICA!$B$1:$G$306,5,FALSE) -> 3272024066 | F135: =VLOOKUP($A135,ANAGRAFICA!$B$1:$G$306,6,FALSE) -> 2024 | G135: 1 | H135: 74177 CT of abdomen and pelvis with contrast | I135: 45432 | J135: 13:29 | K135: TRUE
A136: 2124008603 | B136: =VLOOKUP($A136,ANAGRAFICA!$B$1:$G$306,2,FALSE) -> MARIANI | C136: =VLOOKUP($A136,ANAGRAFICA!$B$1:$G$306,3,FALSE) -> MARCO | D136: =VLOOKUP($A136,ANAGRAFICA!$B$1:$G$306,4,FALSE) | E136: =VLOOKUP($A136,ANAGRAFICA!$B$1:$G$306,5,FALSE) -> 3272024066 | F136: =VLOOKUP($A136,ANAGRAFICA!$B$1:$G$306,6,FALSE) -> 2024 | G136: 1 | H136: 70450 CT of head without contrast material | I136: 45444 | J136: 10:50 | K136: TRUE
A137: 2124008603 | B137: =VLOOKUP($A137,ANAGRAFICA!$B$1:$G$306,2,FALSE) -> MARIANI | C137: =VLOOKUP($A137,ANAGRAFICA!$B$1:$G$306,3,FALSE) -> MARCO | D137: =VLOOKUP($A137,ANAGRAFICA!$B$1:$G$306,4,FALSE) | E137: =VLOOKUP($A137,ANAGRAFICA!$B$1:$G$306,5,FALSE) -> 3272024066 | F137: =VLOOKUP($A137,ANAGRAFICA!$B$1:$G$306,6,FALSE) -> 2024 | G137: 1 | H137: 71260 CT of thorax with contrast | I137: 45444 | J137: 10:53 | K137: TRUE
A138: 2124008603 | B138: =VLOOKUP($A138,ANAGRAFICA!$B$1:$G$306,2,FALSE) -> MARIANI | C138: =VLOOKUP($A138,ANAGRAFICA!$B$1:$G$306,3,FALSE) -> MARCO | D138: =VLOOKUP($A138,ANAGRAFICA!$B$1:$G$306,4,FALSE) | E138: =VLOOKUP($A138,ANAGRAFICA!$B$1:$G$306,5,FALSE) -> 3272024066 | F138: =VLOOKUP($A138,ANAGRAFICA!$B$1:$G$306,6,FALSE) -> 2024 | G138: 1 | H138: 74177 CT of abdomen and pelvis with contrast | I138: 45444 | J138: 10:53 | K138: TRUE
A139: 2124008603 | B139: =VLOOKUP($A139,ANAGRAFICA!$B$1:$G$306,2,FALSE) -> MARIANI | C139: =VLOOKUP($A139,ANAGRAFICA!$B$1:$G$306,3,FALSE) -> MARCO | D139: =VLOOKUP($A139,ANAGRAFICA!$B$1:$G$306,4,FALSE) | E139: =VLOOKUP($A139,ANAGRAFICA!$B$1:$G$306,5,FALSE) -> 3272024066 | F139: =VLOOKUP($A139,ANAGRAFICA!$B$1:$G$306,6,FALSE) -> 2024 | G139: 1 | H139: 95812 EEG extended monitoring | I139: 45420 | J139: 10:00 | K139: FALSE
A140: 2124008603 | B140: =VLOOKUP($A140,ANAGRAFICA!$B$1:$G$306,2,FALSE) -> MARIANI | C140: =VLOOKUP($A140,ANAGRAFICA!$B$1:$G$306,3,FALSE) -> MARCO | D140: =VLOOKUP($A140,ANAGRAFICA!$B$1:$G$306,4,FALSE) | E140: =VLOOKUP($A140,ANAGRAFICA!$B$1:$G$306,5,FALSE) -> 3272024066 | F140: =VLOOKUP($A140,ANAGRAFICA!$B$1:$G$306,6,FALSE) -> 2024 | G140: 1 | H140: 95812 EEG extended monitoring | I140: 45427 | J140: 16:00 | K140: FALSE
... A143: 2124008603 | B143: =VLOOKUP($A143,ANAGRAFICA!$B$1:$G$306,2,FALSE) -> MARIANI | C143: =VLOOKUP($A143,ANAGRAFICA!$B$1:$G$306,3,FALSE) -> MARCO | D143: =VLOOKUP($A143,ANAGRAFICA!$B$1:$G$306,4,FALSE) | E143: =VLOOKUP($A143,ANAGRAFICA!$B$1:$G$306,5,FALSE) -> 3272024066 | F143: =VLOOKUP($A143,ANAGRAFICA!$B$1:$G$306,6,FALSE) -> 2024 | G143: 1 | H143: 95812 EEG extended monitoring | I143: 45434 | J143: 11:00 | K143: FALSE
A144: 2124008603 | B144: =VLOOKUP($A144,ANAGRAFICA!$B$1:$G$306,2,FALSE) -> MARIANI | C144: =VLOOKUP($A144,ANAGRAFICA!$B$1:$G$306,3,FALSE) -> MARCO | D144: =VLOOKUP($A144,ANAGRAFICA!$B$1:$G$306,4,FALSE) | E144: =VLOOKUP($A144,ANAGRAFICA!$B$1:$G$306,5,FALSE) -> 3272024066 | F144: =VLOOKUP($A144,ANAGRAFICA!$B$1:$G$306,6,FALSE) -> 2024 | G144: 1 | H144: 31624 Bronchoscopy rigid or flexible including fluoroscopic guidance when performed. | I144: 45424 | K144: FALSE
A145: 2124008603 | B145: =VLOOKUP($A145,ANAGRAFICA!$B$1:$G$306,2,FALSE) -> MARIANI | C145: =VLOOKUP($A145,ANAGRAFICA!$B$1:$G$306,3,FALSE) -> MARCO | D145: =VLOOKUP($A145,ANAGRAFICA!$B$1:$G$306,4,FALSE) | E145: =VLOOKUP($A145,ANAGRAFICA!$B$1:$G$306,5,FALSE) -> 3272024066 | F145: =VLOOKUP($A145,ANAGRAFICA!$B$1:$G$306,6,FALSE) -> 2024 | G145: 1 | H145: 31725 Tracheobronchial catheter aspiration using fiberscope | I145: 45436 | J145: 11:00 | K145: FALSE
